/*
 Navicat Premium Data Transfer

 Source Server         : LOKAL MYSQL
 Source Server Type    : MySQL
 Source Server Version : 100417
 Source Host           : localhost:3306
 Source Schema         : dapenbi

 Target Server Type    : MySQL
 Target Server Version : 100417
 File Encoding         : 65001

 Date: 15/08/2021 01:20:18
*/

SET NAMES utf8mb4;
SET FOREIGN_KEY_CHECKS = 0;

-- ----------------------------
-- Table structure for batch_job_execution
-- ----------------------------
DROP TABLE IF EXISTS `batch_job_execution`;
CREATE TABLE `batch_job_execution`  (
  `JOB_EXECUTION_ID` bigint NOT NULL,
  `VERSION` bigint NULL DEFAULT NULL,
  `JOB_INSTANCE_ID` bigint NOT NULL,
  `CREATE_TIME` datetime(6) NOT NULL,
  `START_TIME` datetime(6) NULL DEFAULT NULL,
  `END_TIME` datetime(6) NULL DEFAULT NULL,
  `STATUS` varchar(10) CHARACTER SET utf8mb4 COLLATE utf8mb4_general_ci NULL DEFAULT NULL,
  `EXIT_CODE` varchar(2500) CHARACTER SET utf8mb4 COLLATE utf8mb4_general_ci NULL DEFAULT NULL,
  `EXIT_MESSAGE` varchar(2500) CHARACTER SET utf8mb4 COLLATE utf8mb4_general_ci NULL DEFAULT NULL,
  `LAST_UPDATED` datetime(6) NULL DEFAULT NULL,
  `JOB_CONFIGURATION_LOCATION` varchar(2500) CHARACTER SET utf8mb4 COLLATE utf8mb4_general_ci NULL DEFAULT NULL,
  PRIMARY KEY (`JOB_EXECUTION_ID`) USING BTREE,
  INDEX `JOB_INST_EXEC_FK`(`JOB_INSTANCE_ID`) USING BTREE,
  CONSTRAINT `JOB_INST_EXEC_FK` FOREIGN KEY (`JOB_INSTANCE_ID`) REFERENCES `batch_job_instance` (`JOB_INSTANCE_ID`) ON DELETE RESTRICT ON UPDATE RESTRICT
) ENGINE = InnoDB CHARACTER SET = utf8mb4 COLLATE = utf8mb4_general_ci ROW_FORMAT = Dynamic;

-- ----------------------------
-- Records of batch_job_execution
-- ----------------------------
INSERT INTO `batch_job_execution` VALUES (1, 2, 1, '2021-08-14 21:41:15.000000', '2021-08-14 21:41:15.000000', '2021-08-14 21:41:20.000000', 'FAILED', 'FAILED', '', '2021-08-14 21:41:20.000000', NULL);
INSERT INTO `batch_job_execution` VALUES (2, 2, 2, '2021-08-14 21:43:34.000000', '2021-08-14 21:43:34.000000', '2021-08-14 21:43:34.000000', 'FAILED', 'FAILED', '', '2021-08-14 21:43:34.000000', NULL);
INSERT INTO `batch_job_execution` VALUES (3, 2, 3, '2021-08-14 21:45:13.000000', '2021-08-14 21:45:13.000000', '2021-08-14 21:45:13.000000', 'FAILED', 'FAILED', '', '2021-08-14 21:45:13.000000', NULL);
INSERT INTO `batch_job_execution` VALUES (4, 2, 4, '2021-08-14 21:58:29.000000', '2021-08-14 21:58:30.000000', '2021-08-14 21:58:30.000000', 'FAILED', 'FAILED', '', '2021-08-14 21:58:30.000000', NULL);
INSERT INTO `batch_job_execution` VALUES (5, 2, 5, '2021-08-14 21:59:11.000000', '2021-08-14 21:59:11.000000', '2021-08-14 21:59:11.000000', 'FAILED', 'FAILED', '', '2021-08-14 21:59:11.000000', NULL);
INSERT INTO `batch_job_execution` VALUES (6, 2, 6, '2021-08-14 22:00:52.000000', '2021-08-14 22:00:52.000000', '2021-08-14 22:00:53.000000', 'FAILED', 'FAILED', '', '2021-08-14 22:00:53.000000', NULL);
INSERT INTO `batch_job_execution` VALUES (7, 2, 7, '2021-08-14 22:03:21.000000', '2021-08-14 22:03:23.000000', '2021-08-14 22:03:26.000000', 'FAILED', 'FAILED', '', '2021-08-14 22:03:26.000000', NULL);
INSERT INTO `batch_job_execution` VALUES (8, 2, 8, '2021-08-14 22:11:16.000000', '2021-08-14 22:11:17.000000', '2021-08-14 22:11:17.000000', 'FAILED', 'FAILED', '', '2021-08-14 22:11:17.000000', NULL);
INSERT INTO `batch_job_execution` VALUES (9, 2, 9, '2021-08-14 22:17:03.000000', '2021-08-14 22:17:03.000000', '2021-08-14 22:17:03.000000', 'COMPLETED', 'COMPLETED', '', '2021-08-14 22:17:03.000000', NULL);
INSERT INTO `batch_job_execution` VALUES (10, 2, 10, '2021-08-14 22:23:21.000000', '2021-08-14 22:23:21.000000', '2021-08-14 22:23:21.000000', 'COMPLETED', 'COMPLETED', '', '2021-08-14 22:23:21.000000', NULL);
INSERT INTO `batch_job_execution` VALUES (11, 2, 11, '2021-08-14 22:29:46.000000', '2021-08-14 22:29:46.000000', '2021-08-14 22:29:46.000000', 'COMPLETED', 'COMPLETED', '', '2021-08-14 22:29:46.000000', NULL);
INSERT INTO `batch_job_execution` VALUES (12, 2, 12, '2021-08-14 22:38:02.000000', '2021-08-14 22:38:02.000000', '2021-08-14 22:38:02.000000', 'COMPLETED', 'COMPLETED', '', '2021-08-14 22:38:02.000000', NULL);
INSERT INTO `batch_job_execution` VALUES (13, 2, 14, '2021-08-14 22:40:42.000000', '2021-08-14 22:40:43.000000', '2021-08-14 22:40:43.000000', 'COMPLETED', 'COMPLETED', '', '2021-08-14 22:40:43.000000', NULL);
INSERT INTO `batch_job_execution` VALUES (14, 1, 15, '2021-08-14 22:42:20.000000', '2021-08-14 22:42:25.000000', NULL, 'STARTED', 'UNKNOWN', '', '2021-08-14 22:42:25.000000', NULL);
INSERT INTO `batch_job_execution` VALUES (15, 2, 16, '2021-08-14 22:42:33.000000', '2021-08-14 22:42:35.000000', '2021-08-14 22:42:37.000000', 'COMPLETED', 'COMPLETED', '', '2021-08-14 22:42:37.000000', NULL);
INSERT INTO `batch_job_execution` VALUES (16, 2, 17, '2021-08-14 22:42:45.000000', '2021-08-14 22:42:45.000000', '2021-08-14 22:42:48.000000', 'COMPLETED', 'COMPLETED', '', '2021-08-14 22:42:48.000000', NULL);
INSERT INTO `batch_job_execution` VALUES (17, 2, 18, '2021-08-14 23:31:01.000000', '2021-08-14 23:31:02.000000', '2021-08-14 23:31:02.000000', 'FAILED', 'FAILED', '', '2021-08-14 23:31:02.000000', NULL);
INSERT INTO `batch_job_execution` VALUES (18, 2, 19, '2021-08-14 23:44:15.000000', '2021-08-14 23:44:15.000000', '2021-08-14 23:44:20.000000', 'FAILED', 'FAILED', '', '2021-08-14 23:44:20.000000', NULL);
INSERT INTO `batch_job_execution` VALUES (19, 2, 20, '2021-08-14 23:46:59.000000', '2021-08-14 23:47:01.000000', '2021-08-14 23:47:02.000000', 'FAILED', 'FAILED', '', '2021-08-14 23:47:02.000000', NULL);
INSERT INTO `batch_job_execution` VALUES (20, 2, 21, '2021-08-14 23:51:33.000000', '2021-08-14 23:51:33.000000', '2021-08-14 23:51:33.000000', 'FAILED', 'FAILED', '', '2021-08-14 23:51:33.000000', NULL);
INSERT INTO `batch_job_execution` VALUES (21, 2, 22, '2021-08-14 23:52:01.000000', '2021-08-14 23:52:01.000000', '2021-08-14 23:52:02.000000', 'FAILED', 'FAILED', '', '2021-08-14 23:52:02.000000', NULL);
INSERT INTO `batch_job_execution` VALUES (22, 2, 23, '2021-08-14 23:52:08.000000', '2021-08-14 23:52:08.000000', '2021-08-14 23:52:08.000000', 'FAILED', 'FAILED', '', '2021-08-14 23:52:08.000000', NULL);
INSERT INTO `batch_job_execution` VALUES (23, 2, 24, '2021-08-14 23:53:07.000000', '2021-08-14 23:53:08.000000', '2021-08-14 23:53:12.000000', 'FAILED', 'FAILED', '', '2021-08-14 23:53:12.000000', NULL);
INSERT INTO `batch_job_execution` VALUES (24, 2, 25, '2021-08-14 23:54:19.000000', '2021-08-14 23:54:19.000000', '2021-08-14 23:54:22.000000', 'FAILED', 'FAILED', '', '2021-08-14 23:54:22.000000', NULL);
INSERT INTO `batch_job_execution` VALUES (25, 2, 26, '2021-08-14 23:55:07.000000', '2021-08-14 23:55:13.000000', '2021-08-14 23:55:22.000000', 'COMPLETED', 'COMPLETED', '', '2021-08-14 23:55:22.000000', NULL);
INSERT INTO `batch_job_execution` VALUES (26, 2, 27, '2021-08-14 23:56:26.000000', '2021-08-14 23:56:27.000000', '2021-08-14 23:56:30.000000', 'COMPLETED', 'COMPLETED', '', '2021-08-14 23:56:30.000000', NULL);
INSERT INTO `batch_job_execution` VALUES (27, 2, 28, '2021-08-14 23:59:33.000000', '2021-08-14 23:59:34.000000', '2021-08-14 23:59:43.000000', 'COMPLETED', 'COMPLETED', '', '2021-08-14 23:59:43.000000', NULL);
INSERT INTO `batch_job_execution` VALUES (28, 2, 29, '2021-08-15 00:26:15.000000', '2021-08-15 00:26:15.000000', '2021-08-15 00:26:15.000000', 'FAILED', 'FAILED', '', '2021-08-15 00:26:15.000000', NULL);
INSERT INTO `batch_job_execution` VALUES (29, 2, 30, '2021-08-15 00:53:12.000000', '2021-08-15 00:53:12.000000', '2021-08-15 00:53:12.000000', 'FAILED', 'FAILED', '', '2021-08-15 00:53:12.000000', NULL);
INSERT INTO `batch_job_execution` VALUES (30, 2, 31, '2021-08-15 01:09:05.000000', '2021-08-15 01:09:06.000000', '2021-08-15 01:09:06.000000', 'FAILED', 'FAILED', '', '2021-08-15 01:09:06.000000', NULL);
INSERT INTO `batch_job_execution` VALUES (31, 2, 32, '2021-08-15 01:10:51.000000', '2021-08-15 01:10:51.000000', '2021-08-15 01:10:56.000000', 'FAILED', 'FAILED', '', '2021-08-15 01:10:56.000000', NULL);
INSERT INTO `batch_job_execution` VALUES (32, 2, 33, '2021-08-15 01:16:06.000000', '2021-08-15 01:16:06.000000', '2021-08-15 01:16:07.000000', 'COMPLETED', 'COMPLETED', '', '2021-08-15 01:16:07.000000', NULL);

-- ----------------------------
-- Table structure for batch_job_execution_context
-- ----------------------------
DROP TABLE IF EXISTS `batch_job_execution_context`;
CREATE TABLE `batch_job_execution_context`  (
  `JOB_EXECUTION_ID` bigint NOT NULL,
  `SHORT_CONTEXT` varchar(2500) CHARACTER SET utf8mb4 COLLATE utf8mb4_general_ci NOT NULL,
  `SERIALIZED_CONTEXT` text CHARACTER SET utf8mb4 COLLATE utf8mb4_general_ci NULL,
  PRIMARY KEY (`JOB_EXECUTION_ID`) USING BTREE,
  CONSTRAINT `JOB_EXEC_CTX_FK` FOREIGN KEY (`JOB_EXECUTION_ID`) REFERENCES `batch_job_execution` (`JOB_EXECUTION_ID`) ON DELETE RESTRICT ON UPDATE RESTRICT
) ENGINE = InnoDB CHARACTER SET = utf8mb4 COLLATE = utf8mb4_general_ci ROW_FORMAT = Dynamic;

-- ----------------------------
-- Records of batch_job_execution_context
-- ----------------------------
INSERT INTO `batch_job_execution_context` VALUES (1, '{\"@class\":\"java.util.HashMap\"}', NULL);
INSERT INTO `batch_job_execution_context` VALUES (2, '{\"@class\":\"java.util.HashMap\"}', NULL);
INSERT INTO `batch_job_execution_context` VALUES (3, '{\"@class\":\"java.util.HashMap\"}', NULL);
INSERT INTO `batch_job_execution_context` VALUES (4, '{\"@class\":\"java.util.HashMap\"}', NULL);
INSERT INTO `batch_job_execution_context` VALUES (5, '{\"@class\":\"java.util.HashMap\"}', NULL);
INSERT INTO `batch_job_execution_context` VALUES (6, '{\"@class\":\"java.util.HashMap\"}', NULL);
INSERT INTO `batch_job_execution_context` VALUES (7, '{\"@class\":\"java.util.HashMap\"}', NULL);
INSERT INTO `batch_job_execution_context` VALUES (8, '{\"@class\":\"java.util.HashMap\"}', NULL);
INSERT INTO `batch_job_execution_context` VALUES (9, '{\"@class\":\"java.util.HashMap\"}', NULL);
INSERT INTO `batch_job_execution_context` VALUES (10, '{\"@class\":\"java.util.HashMap\"}', NULL);
INSERT INTO `batch_job_execution_context` VALUES (11, '{\"@class\":\"java.util.HashMap\"}', NULL);
INSERT INTO `batch_job_execution_context` VALUES (12, '{\"@class\":\"java.util.HashMap\"}', NULL);
INSERT INTO `batch_job_execution_context` VALUES (13, '{\"@class\":\"java.util.HashMap\"}', NULL);
INSERT INTO `batch_job_execution_context` VALUES (14, '{\"@class\":\"java.util.HashMap\"}', NULL);
INSERT INTO `batch_job_execution_context` VALUES (15, '{\"@class\":\"java.util.HashMap\"}', NULL);
INSERT INTO `batch_job_execution_context` VALUES (16, '{\"@class\":\"java.util.HashMap\"}', NULL);
INSERT INTO `batch_job_execution_context` VALUES (17, '{\"@class\":\"java.util.HashMap\"}', NULL);
INSERT INTO `batch_job_execution_context` VALUES (18, '{\"@class\":\"java.util.HashMap\"}', NULL);
INSERT INTO `batch_job_execution_context` VALUES (19, '{\"@class\":\"java.util.HashMap\"}', NULL);
INSERT INTO `batch_job_execution_context` VALUES (20, '{\"@class\":\"java.util.HashMap\"}', NULL);
INSERT INTO `batch_job_execution_context` VALUES (21, '{\"@class\":\"java.util.HashMap\"}', NULL);
INSERT INTO `batch_job_execution_context` VALUES (22, '{\"@class\":\"java.util.HashMap\"}', NULL);
INSERT INTO `batch_job_execution_context` VALUES (23, '{\"@class\":\"java.util.HashMap\"}', NULL);
INSERT INTO `batch_job_execution_context` VALUES (24, '{\"@class\":\"java.util.HashMap\"}', NULL);
INSERT INTO `batch_job_execution_context` VALUES (25, '{\"@class\":\"java.util.HashMap\"}', NULL);
INSERT INTO `batch_job_execution_context` VALUES (26, '{\"@class\":\"java.util.HashMap\"}', NULL);
INSERT INTO `batch_job_execution_context` VALUES (27, '{\"@class\":\"java.util.HashMap\"}', NULL);
INSERT INTO `batch_job_execution_context` VALUES (28, '{\"@class\":\"java.util.HashMap\"}', NULL);
INSERT INTO `batch_job_execution_context` VALUES (29, '{\"@class\":\"java.util.HashMap\"}', NULL);
INSERT INTO `batch_job_execution_context` VALUES (30, '{\"@class\":\"java.util.HashMap\"}', NULL);
INSERT INTO `batch_job_execution_context` VALUES (31, '{\"@class\":\"java.util.HashMap\"}', NULL);
INSERT INTO `batch_job_execution_context` VALUES (32, '{\"@class\":\"java.util.HashMap\"}', NULL);

-- ----------------------------
-- Table structure for batch_job_execution_params
-- ----------------------------
DROP TABLE IF EXISTS `batch_job_execution_params`;
CREATE TABLE `batch_job_execution_params`  (
  `JOB_EXECUTION_ID` bigint NOT NULL,
  `TYPE_CD` varchar(6) CHARACTER SET utf8mb4 COLLATE utf8mb4_general_ci NOT NULL,
  `KEY_NAME` varchar(100) CHARACTER SET utf8mb4 COLLATE utf8mb4_general_ci NOT NULL,
  `STRING_VAL` varchar(250) CHARACTER SET utf8mb4 COLLATE utf8mb4_general_ci NULL DEFAULT NULL,
  `DATE_VAL` datetime(6) NULL DEFAULT NULL,
  `LONG_VAL` bigint NULL DEFAULT NULL,
  `DOUBLE_VAL` double NULL DEFAULT NULL,
  `IDENTIFYING` char(1) CHARACTER SET utf8mb4 COLLATE utf8mb4_general_ci NOT NULL,
  INDEX `JOB_EXEC_PARAMS_FK`(`JOB_EXECUTION_ID`) USING BTREE,
  CONSTRAINT `JOB_EXEC_PARAMS_FK` FOREIGN KEY (`JOB_EXECUTION_ID`) REFERENCES `batch_job_execution` (`JOB_EXECUTION_ID`) ON DELETE RESTRICT ON UPDATE RESTRICT
) ENGINE = InnoDB CHARACTER SET = utf8mb4 COLLATE = utf8mb4_general_ci ROW_FORMAT = Dynamic;

-- ----------------------------
-- Records of batch_job_execution_params
-- ----------------------------
INSERT INTO `batch_job_execution_params` VALUES (1, 'LONG', 'run.id', '', '1970-01-01 07:00:00.000000', 1, 0, 'Y');
INSERT INTO `batch_job_execution_params` VALUES (2, 'LONG', 'run.id', '', '1970-01-01 07:00:00.000000', 2, 0, 'Y');
INSERT INTO `batch_job_execution_params` VALUES (3, 'LONG', 'run.id', '', '1970-01-01 07:00:00.000000', 3, 0, 'Y');
INSERT INTO `batch_job_execution_params` VALUES (4, 'LONG', 'run.id', '', '1970-01-01 07:00:00.000000', 4, 0, 'Y');
INSERT INTO `batch_job_execution_params` VALUES (5, 'LONG', 'run.id', '', '1970-01-01 07:00:00.000000', 5, 0, 'Y');
INSERT INTO `batch_job_execution_params` VALUES (6, 'LONG', 'run.id', '', '1970-01-01 07:00:00.000000', 6, 0, 'Y');
INSERT INTO `batch_job_execution_params` VALUES (7, 'LONG', 'run.id', '', '1970-01-01 07:00:00.000000', 7, 0, 'Y');
INSERT INTO `batch_job_execution_params` VALUES (8, 'LONG', 'run.id', '', '1970-01-01 07:00:00.000000', 8, 0, 'Y');
INSERT INTO `batch_job_execution_params` VALUES (9, 'LONG', 'run.id', '', '1970-01-01 07:00:00.000000', 9, 0, 'Y');
INSERT INTO `batch_job_execution_params` VALUES (10, 'LONG', 'run.id', '', '1970-01-01 07:00:00.000000', 10, 0, 'Y');
INSERT INTO `batch_job_execution_params` VALUES (11, 'LONG', 'run.id', '', '1970-01-01 07:00:00.000000', 11, 0, 'Y');
INSERT INTO `batch_job_execution_params` VALUES (12, 'LONG', 'run.id', '', '1970-01-01 07:00:00.000000', 12, 0, 'Y');
INSERT INTO `batch_job_execution_params` VALUES (13, 'LONG', 'run.id', '', '1970-01-01 07:00:00.000000', 13, 0, 'Y');
INSERT INTO `batch_job_execution_params` VALUES (14, 'LONG', 'run.id', '', '1970-01-01 07:00:00.000000', 14, 0, 'Y');
INSERT INTO `batch_job_execution_params` VALUES (15, 'LONG', 'run.id', '', '1970-01-01 07:00:00.000000', 15, 0, 'Y');
INSERT INTO `batch_job_execution_params` VALUES (16, 'LONG', 'run.id', '', '1970-01-01 07:00:00.000000', 16, 0, 'Y');
INSERT INTO `batch_job_execution_params` VALUES (17, 'LONG', 'run.id', '', '1970-01-01 07:00:00.000000', 17, 0, 'Y');
INSERT INTO `batch_job_execution_params` VALUES (18, 'LONG', 'run.id', '', '1970-01-01 07:00:00.000000', 18, 0, 'Y');
INSERT INTO `batch_job_execution_params` VALUES (19, 'LONG', 'run.id', '', '1970-01-01 07:00:00.000000', 19, 0, 'Y');
INSERT INTO `batch_job_execution_params` VALUES (20, 'LONG', 'run.id', '', '1970-01-01 07:00:00.000000', 20, 0, 'Y');
INSERT INTO `batch_job_execution_params` VALUES (21, 'LONG', 'run.id', '', '1970-01-01 07:00:00.000000', 21, 0, 'Y');
INSERT INTO `batch_job_execution_params` VALUES (22, 'LONG', 'run.id', '', '1970-01-01 07:00:00.000000', 22, 0, 'Y');
INSERT INTO `batch_job_execution_params` VALUES (23, 'LONG', 'run.id', '', '1970-01-01 07:00:00.000000', 23, 0, 'Y');
INSERT INTO `batch_job_execution_params` VALUES (24, 'LONG', 'run.id', '', '1970-01-01 07:00:00.000000', 24, 0, 'Y');
INSERT INTO `batch_job_execution_params` VALUES (25, 'LONG', 'run.id', '', '1970-01-01 07:00:00.000000', 25, 0, 'Y');
INSERT INTO `batch_job_execution_params` VALUES (26, 'LONG', 'run.id', '', '1970-01-01 07:00:00.000000', 26, 0, 'Y');
INSERT INTO `batch_job_execution_params` VALUES (27, 'LONG', 'run.id', '', '1970-01-01 07:00:00.000000', 27, 0, 'Y');
INSERT INTO `batch_job_execution_params` VALUES (28, 'LONG', 'run.id', '', '1970-01-01 07:00:00.000000', 28, 0, 'Y');
INSERT INTO `batch_job_execution_params` VALUES (29, 'LONG', 'run.id', '', '1970-01-01 07:00:00.000000', 29, 0, 'Y');
INSERT INTO `batch_job_execution_params` VALUES (30, 'LONG', 'run.id', '', '1970-01-01 07:00:00.000000', 30, 0, 'Y');
INSERT INTO `batch_job_execution_params` VALUES (31, 'LONG', 'run.id', '', '1970-01-01 07:00:00.000000', 31, 0, 'Y');
INSERT INTO `batch_job_execution_params` VALUES (32, 'LONG', 'run.id', '', '1970-01-01 07:00:00.000000', 32, 0, 'Y');

-- ----------------------------
-- Table structure for batch_job_execution_seq
-- ----------------------------
DROP TABLE IF EXISTS `batch_job_execution_seq`;
CREATE TABLE `batch_job_execution_seq`  (
  `ID` bigint NOT NULL,
  `UNIQUE_KEY` char(1) CHARACTER SET utf8mb4 COLLATE utf8mb4_general_ci NOT NULL,
  UNIQUE INDEX `UNIQUE_KEY_UN`(`UNIQUE_KEY`) USING BTREE
) ENGINE = InnoDB CHARACTER SET = utf8mb4 COLLATE = utf8mb4_general_ci ROW_FORMAT = Dynamic;

-- ----------------------------
-- Records of batch_job_execution_seq
-- ----------------------------
INSERT INTO `batch_job_execution_seq` VALUES (32, '0');

-- ----------------------------
-- Table structure for batch_job_instance
-- ----------------------------
DROP TABLE IF EXISTS `batch_job_instance`;
CREATE TABLE `batch_job_instance`  (
  `JOB_INSTANCE_ID` bigint NOT NULL,
  `VERSION` bigint NULL DEFAULT NULL,
  `JOB_NAME` varchar(100) CHARACTER SET utf8mb4 COLLATE utf8mb4_general_ci NOT NULL,
  `JOB_KEY` varchar(32) CHARACTER SET utf8mb4 COLLATE utf8mb4_general_ci NOT NULL,
  PRIMARY KEY (`JOB_INSTANCE_ID`) USING BTREE,
  UNIQUE INDEX `JOB_INST_UN`(`JOB_NAME`, `JOB_KEY`) USING BTREE
) ENGINE = InnoDB CHARACTER SET = utf8mb4 COLLATE = utf8mb4_general_ci ROW_FORMAT = Dynamic;

-- ----------------------------
-- Records of batch_job_instance
-- ----------------------------
INSERT INTO `batch_job_instance` VALUES (1, 0, 'importUserJob', '853d3449e311f40366811cbefb3d93d7');
INSERT INTO `batch_job_instance` VALUES (2, 0, 'importUserJob', 'e070bff4379694c0210a51d9f6c6a564');
INSERT INTO `batch_job_instance` VALUES (3, 0, 'importUserJob', 'a3364faf893276dea0caacefbf618db5');
INSERT INTO `batch_job_instance` VALUES (4, 0, 'importUserJob', '47c0a8118b74165a864b66d37c7b6cf5');
INSERT INTO `batch_job_instance` VALUES (5, 0, 'importUserJob', 'ce148f5f9c2bf4dc9bd44a7a5f64204c');
INSERT INTO `batch_job_instance` VALUES (6, 0, 'importUserJob', 'bd0034040292bc81e6ccac0e25d9a578');
INSERT INTO `batch_job_instance` VALUES (7, 0, 'importUserJob', '597815c7e4ab1092c1b25130aae725cb');
INSERT INTO `batch_job_instance` VALUES (8, 0, 'importUserJob', 'f55a96b11012be4fcfb6cf005435182d');
INSERT INTO `batch_job_instance` VALUES (9, 0, 'importUserJob', '96a5ed9bac43e779455f3e71c0f64840');
INSERT INTO `batch_job_instance` VALUES (10, 0, 'importUserJob', '1aac4f3e74894b78fa3ce5d8a25e1ef0');
INSERT INTO `batch_job_instance` VALUES (11, 0, 'importUserJob', '604bbfc4c68cb1f903780c2853ad4801');
INSERT INTO `batch_job_instance` VALUES (12, 0, 'importUserJob', '556ebe34220b4032509f2581356ba47c');
INSERT INTO `batch_job_instance` VALUES (14, 0, 'importUserJob', 'edc440efb5ddd2a3b2622f16a12bf105');
INSERT INTO `batch_job_instance` VALUES (15, 0, 'importUserJob', 'f3d5e568c384ee72cba8bc6a51057fe4');
INSERT INTO `batch_job_instance` VALUES (16, 0, 'importUserJob', '378ef1ecb81cf9edac4ab119bdab9d9d');
INSERT INTO `batch_job_instance` VALUES (17, 0, 'importUserJob', 'e073471cc312cadef424c3be7915c0af');
INSERT INTO `batch_job_instance` VALUES (18, 0, 'importUserJob', '46ba78a99abf1e2fba4a8861749d7572');
INSERT INTO `batch_job_instance` VALUES (19, 0, 'importUserJob', 'b88d31b704adf9f94fe9d4ccff795708');
INSERT INTO `batch_job_instance` VALUES (20, 0, 'importUserJob', '64d4e6d635ee3ad949314224afce46c2');
INSERT INTO `batch_job_instance` VALUES (21, 0, 'importUserJob', '75c16c09800a944220a789de10278de0');
INSERT INTO `batch_job_instance` VALUES (22, 0, 'importUserJob', '1b759d32440acdcbf90da6919b5d16ad');
INSERT INTO `batch_job_instance` VALUES (23, 0, 'importUserJob', '1f995cec4b562af773a2e473c369f069');
INSERT INTO `batch_job_instance` VALUES (24, 0, 'importUserJob', '42106293a859255c2b210d04a51240ca');
INSERT INTO `batch_job_instance` VALUES (25, 0, 'importUserJob', '9799b3a84f4d6f15a5e8c11360e7387b');
INSERT INTO `batch_job_instance` VALUES (26, 0, 'importUserJob', '6eecb29840a845c35cfa9b2da21862f9');
INSERT INTO `batch_job_instance` VALUES (27, 0, 'importUserJob', 'e465389b77512db6f30ed6a3b7a9682c');
INSERT INTO `batch_job_instance` VALUES (28, 0, 'importUserJob', '19be35489361f0d498838921e450c4cb');
INSERT INTO `batch_job_instance` VALUES (29, 0, 'importUserJob', '20744cb6ca7f8dc12940aa7fd8f89763');
INSERT INTO `batch_job_instance` VALUES (30, 0, 'importUserJob', 'a3bcf78496166aaf18ec0c14120074d6');
INSERT INTO `batch_job_instance` VALUES (31, 0, 'importUserJob', '890787fe3f8be2564cf02f516acdac28');
INSERT INTO `batch_job_instance` VALUES (32, 0, 'importUserJob', '5b65175918977eab4addf511ccceb909');
INSERT INTO `batch_job_instance` VALUES (33, 0, 'importUserJob', '9c9fce01479d33c09c00ad7ef17a0fa7');

-- ----------------------------
-- Table structure for batch_job_seq
-- ----------------------------
DROP TABLE IF EXISTS `batch_job_seq`;
CREATE TABLE `batch_job_seq`  (
  `ID` bigint NOT NULL,
  `UNIQUE_KEY` char(1) CHARACTER SET utf8mb4 COLLATE utf8mb4_general_ci NOT NULL,
  UNIQUE INDEX `UNIQUE_KEY_UN`(`UNIQUE_KEY`) USING BTREE
) ENGINE = InnoDB CHARACTER SET = utf8mb4 COLLATE = utf8mb4_general_ci ROW_FORMAT = Dynamic;

-- ----------------------------
-- Records of batch_job_seq
-- ----------------------------
INSERT INTO `batch_job_seq` VALUES (33, '0');

-- ----------------------------
-- Table structure for batch_step_execution
-- ----------------------------
DROP TABLE IF EXISTS `batch_step_execution`;
CREATE TABLE `batch_step_execution`  (
  `STEP_EXECUTION_ID` bigint NOT NULL,
  `VERSION` bigint NOT NULL,
  `STEP_NAME` varchar(100) CHARACTER SET utf8mb4 COLLATE utf8mb4_general_ci NOT NULL,
  `JOB_EXECUTION_ID` bigint NOT NULL,
  `START_TIME` datetime(6) NOT NULL,
  `END_TIME` datetime(6) NULL DEFAULT NULL,
  `STATUS` varchar(10) CHARACTER SET utf8mb4 COLLATE utf8mb4_general_ci NULL DEFAULT NULL,
  `COMMIT_COUNT` bigint NULL DEFAULT NULL,
  `READ_COUNT` bigint NULL DEFAULT NULL,
  `FILTER_COUNT` bigint NULL DEFAULT NULL,
  `WRITE_COUNT` bigint NULL DEFAULT NULL,
  `READ_SKIP_COUNT` bigint NULL DEFAULT NULL,
  `WRITE_SKIP_COUNT` bigint NULL DEFAULT NULL,
  `PROCESS_SKIP_COUNT` bigint NULL DEFAULT NULL,
  `ROLLBACK_COUNT` bigint NULL DEFAULT NULL,
  `EXIT_CODE` varchar(2500) CHARACTER SET utf8mb4 COLLATE utf8mb4_general_ci NULL DEFAULT NULL,
  `EXIT_MESSAGE` varchar(2500) CHARACTER SET utf8mb4 COLLATE utf8mb4_general_ci NULL DEFAULT NULL,
  `LAST_UPDATED` datetime(6) NULL DEFAULT NULL,
  PRIMARY KEY (`STEP_EXECUTION_ID`) USING BTREE,
  INDEX `JOB_EXEC_STEP_FK`(`JOB_EXECUTION_ID`) USING BTREE,
  CONSTRAINT `JOB_EXEC_STEP_FK` FOREIGN KEY (`JOB_EXECUTION_ID`) REFERENCES `batch_job_execution` (`JOB_EXECUTION_ID`) ON DELETE RESTRICT ON UPDATE RESTRICT
) ENGINE = InnoDB CHARACTER SET = utf8mb4 COLLATE = utf8mb4_general_ci ROW_FORMAT = Dynamic;

-- ----------------------------
-- Records of batch_step_execution
-- ----------------------------
INSERT INTO `batch_step_execution` VALUES (1, 2, 'step1', 1, '2021-08-14 21:41:17.000000', '2021-08-14 21:41:18.000000', 'FAILED', 0, 0, 0, 0, 0, 0, 0, 0, 'FAILED', 'org.springframework.batch.item.ItemStreamException: Failed to initialize the reader\r\n	at org.springframework.batch.item.support.AbstractItemCountingItemStreamItemReader.open(AbstractItemCountingItemStreamItemReader.java:153)\r\n	at org.springframework.batch.item.support.CompositeItemStream.open(CompositeItemStream.java:104)\r\n	at org.springframework.batch.core.step.tasklet.TaskletStep.open(TaskletStep.java:311)\r\n	at org.springframework.batch.core.step.AbstractStep.execute(AbstractStep.java:205)\r\n	at org.springframework.batch.core.job.SimpleStepHandler.handleStep(SimpleStepHandler.java:152)\r\n	at org.springframework.batch.core.job.flow.JobFlowExecutor.executeStep(JobFlowExecutor.java:68)\r\n	at org.springframework.batch.core.job.flow.support.state.StepState.handle(StepState.java:68)\r\n	at org.springframework.batch.core.job.flow.support.SimpleFlow.resume(SimpleFlow.java:169)\r\n	at org.springframework.batch.core.job.flow.support.SimpleFlow.start(SimpleFlow.java:144)\r\n	at org.springframework.batch.core.job.flow.FlowJob.doExecute(FlowJob.java:137)\r\n	at org.springframework.batch.core.job.AbstractJob.execute(AbstractJob.java:320)\r\n	at org.springframework.batch.core.launch.support.SimpleJobLauncher$1.run(SimpleJobLauncher.java:149)\r\n	at org.springframework.core.task.SyncTaskExecutor.execute(SyncTaskExecutor.java:50)\r\n	at org.springframework.batch.core.launch.support.SimpleJobLauncher.run(SimpleJobLauncher.java:140)\r\n	at sun.reflect.NativeMethodAccessorImpl.invoke0(Native Method)\r\n	at sun.reflect.NativeMethodAccessorImpl.invoke(Unknown Source)\r\n	at sun.reflect.DelegatingMethodAccessorImpl.invoke(Unknown Source)\r\n	at java.lang.reflect.Method.invoke(Unknown Source)\r\n	at org.springframework.aop.support.AopUtils.invokeJoinpointUsingReflection(AopUtils.java:344)\r\n	at org.springframework.aop.framework.ReflectiveMethodInvocation.invokeJoinpoint(ReflectiveMethodInvocation.java:198)\r\n	at org.springframework.aop.framework.ReflectiveMethodInvocation.proceed(ReflectiveMethodInvocation.java:163)\r\n	at org.springframework.batch.core.configuration.annotation.SimpleBatchConfiguration$PassthruAdvice.invoke(SimpleBatchConfiguration.java:128)\r\n	at org.springframework.aop.framework.ReflectiveMethodInvocation.proceed(ReflectiveMethodInvocation.java:186)\r\n	at org.springframework.aop.framework.JdkDynamicAopProxy.invoke(JdkDynamicAopProxy.java:215)\r\n	at com.sun.proxy.$Proxy121.run(Unknown Source)\r\n	at org.springframework.boot.autoconfigure.batch.JobLauncherApplicationRunner.execute(JobLauncherAppl', '2021-08-14 21:41:18.000000');
INSERT INTO `batch_step_execution` VALUES (2, 2, 'step1', 2, '2021-08-14 21:43:34.000000', '2021-08-14 21:43:34.000000', 'FAILED', 0, 0, 0, 0, 0, 0, 0, 1, 'FAILED', 'org.springframework.batch.item.file.FlatFileParseException: Parsing error at line: 1 in resource=[path [D:\\8. PROJECT\\JAVA ECLIPSE WORKSPACE\\dapenbi\\dataRandom.csv]], input=[1300,1894,Jaime F. Terrence,1980-09-28,F,12860 Schlimazel Road Suite 827,4853495931327909,0817-4030-1039]\r\n	at org.springframework.batch.item.file.FlatFileItemReader.doRead(FlatFileItemReader.java:189)\r\n	at org.springframework.batch.item.support.AbstractItemCountingItemStreamItemReader.read(AbstractItemCountingItemStreamItemReader.java:93)\r\n	at org.springframework.batch.core.step.item.SimpleChunkProvider.doRead(SimpleChunkProvider.java:99)\r\n	at org.springframework.batch.core.step.item.SimpleChunkProvider.read(SimpleChunkProvider.java:180)\r\n	at org.springframework.batch.core.step.item.SimpleChunkProvider$1.doInIteration(SimpleChunkProvider.java:126)\r\n	at org.springframework.batch.repeat.support.RepeatTemplate.getNextResult(RepeatTemplate.java:375)\r\n	at org.springframework.batch.repeat.support.RepeatTemplate.executeInternal(RepeatTemplate.java:215)\r\n	at org.springframework.batch.repeat.support.RepeatTemplate.iterate(RepeatTemplate.java:145)\r\n	at org.springframework.batch.core.step.item.SimpleChunkProvider.provide(SimpleChunkProvider.java:118)\r\n	at org.springframework.batch.core.step.item.ChunkOrientedTasklet.execute(ChunkOrientedTasklet.java:71)\r\n	at org.springframework.batch.core.step.tasklet.TaskletStep$ChunkTransactionCallback.doInTransaction(TaskletStep.java:407)\r\n	at org.springframework.batch.core.step.tasklet.TaskletStep$ChunkTransactionCallback.doInTransaction(TaskletStep.java:331)\r\n	at org.springframework.transaction.support.TransactionTemplate.execute(TransactionTemplate.java:140)\r\n	at org.springframework.batch.core.step.tasklet.TaskletStep$2.doInChunkContext(TaskletStep.java:273)\r\n	at org.springframework.batch.core.scope.context.StepContextRepeatCallback.doInIteration(StepContextRepeatCallback.java:82)\r\n	at org.springframework.batch.repeat.support.RepeatTemplate.getNextResult(RepeatTemplate.java:375)\r\n	at org.springframework.batch.repeat.support.RepeatTemplate.executeInternal(RepeatTemplate.java:215)\r\n	at org.springframework.batch.repeat.support.RepeatTemplate.iterate(RepeatTemplate.java:145)\r\n	at org.springframework.batch.core.step.tasklet.TaskletStep.doExecute(TaskletStep.java:258)\r\n	at org.springframework.batch.core.step.AbstractStep.execute(AbstractStep.java:208)\r\n	at org.springframework.batch.core.job.SimpleStepHandler.handleStep(SimpleStepHandler.java:152)\r\n	at org.spring', '2021-08-14 21:43:34.000000');
INSERT INTO `batch_step_execution` VALUES (3, 2, 'step1', 3, '2021-08-14 21:45:13.000000', '2021-08-14 21:45:13.000000', 'FAILED', 0, 0, 0, 0, 0, 0, 0, 1, 'FAILED', 'org.springframework.batch.item.file.FlatFileParseException: Parsing error at line: 1 in resource=[path [D:\\8. PROJECT\\JAVA ECLIPSE WORKSPACE\\dapenbi\\dataRandom.csv]], input=[1894,Jaime F. Terrence,1980-09-28,F,12860 Schlimazel Road Suite 827]\r\n	at org.springframework.batch.item.file.FlatFileItemReader.doRead(FlatFileItemReader.java:189)\r\n	at org.springframework.batch.item.support.AbstractItemCountingItemStreamItemReader.read(AbstractItemCountingItemStreamItemReader.java:93)\r\n	at org.springframework.batch.core.step.item.SimpleChunkProvider.doRead(SimpleChunkProvider.java:99)\r\n	at org.springframework.batch.core.step.item.SimpleChunkProvider.read(SimpleChunkProvider.java:180)\r\n	at org.springframework.batch.core.step.item.SimpleChunkProvider$1.doInIteration(SimpleChunkProvider.java:126)\r\n	at org.springframework.batch.repeat.support.RepeatTemplate.getNextResult(RepeatTemplate.java:375)\r\n	at org.springframework.batch.repeat.support.RepeatTemplate.executeInternal(RepeatTemplate.java:215)\r\n	at org.springframework.batch.repeat.support.RepeatTemplate.iterate(RepeatTemplate.java:145)\r\n	at org.springframework.batch.core.step.item.SimpleChunkProvider.provide(SimpleChunkProvider.java:118)\r\n	at org.springframework.batch.core.step.item.ChunkOrientedTasklet.execute(ChunkOrientedTasklet.java:71)\r\n	at org.springframework.batch.core.step.tasklet.TaskletStep$ChunkTransactionCallback.doInTransaction(TaskletStep.java:407)\r\n	at org.springframework.batch.core.step.tasklet.TaskletStep$ChunkTransactionCallback.doInTransaction(TaskletStep.java:331)\r\n	at org.springframework.transaction.support.TransactionTemplate.execute(TransactionTemplate.java:140)\r\n	at org.springframework.batch.core.step.tasklet.TaskletStep$2.doInChunkContext(TaskletStep.java:273)\r\n	at org.springframework.batch.core.scope.context.StepContextRepeatCallback.doInIteration(StepContextRepeatCallback.java:82)\r\n	at org.springframework.batch.repeat.support.RepeatTemplate.getNextResult(RepeatTemplate.java:375)\r\n	at org.springframework.batch.repeat.support.RepeatTemplate.executeInternal(RepeatTemplate.java:215)\r\n	at org.springframework.batch.repeat.support.RepeatTemplate.iterate(RepeatTemplate.java:145)\r\n	at org.springframework.batch.core.step.tasklet.TaskletStep.doExecute(TaskletStep.java:258)\r\n	at org.springframework.batch.core.step.AbstractStep.execute(AbstractStep.java:208)\r\n	at org.springframework.batch.core.job.SimpleStepHandler.handleStep(SimpleStepHandler.java:152)\r\n	at org.springframework.batch.core.job.flow.JobFlow', '2021-08-14 21:45:13.000000');
INSERT INTO `batch_step_execution` VALUES (4, 2, 'step1', 4, '2021-08-14 21:58:30.000000', '2021-08-14 21:58:30.000000', 'FAILED', 0, 3, 0, 0, 0, 0, 0, 1, 'FAILED', 'org.springframework.jdbc.BadSqlGrammarException: PreparedStatementCallback; bad SQL grammar [INSERT INTO user (pin, name, dob, gender, address) VALUES (?, ?, ?, ?, ?)]; nested exception is java.sql.BatchUpdateException: Unknown column \'pin\' in \'field list\'\r\n	at org.springframework.jdbc.support.SQLErrorCodeSQLExceptionTranslator.doTranslate(SQLErrorCodeSQLExceptionTranslator.java:239)\r\n	at org.springframework.jdbc.support.AbstractFallbackSQLExceptionTranslator.translate(AbstractFallbackSQLExceptionTranslator.java:70)\r\n	at org.springframework.jdbc.core.JdbcTemplate.translateException(JdbcTemplate.java:1541)\r\n	at org.springframework.jdbc.core.JdbcTemplate.execute(JdbcTemplate.java:667)\r\n	at org.springframework.jdbc.core.JdbcTemplate.execute(JdbcTemplate.java:691)\r\n	at org.springframework.jdbc.core.JdbcTemplate.batchUpdate(JdbcTemplate.java:1034)\r\n	at org.springframework.jdbc.core.namedparam.NamedParameterJdbcTemplate.batchUpdate(NamedParameterJdbcTemplate.java:373)\r\n	at org.springframework.batch.item.database.JdbcBatchItemWriter.write(JdbcBatchItemWriter.java:182)\r\n	at org.springframework.batch.core.step.item.SimpleChunkProcessor.writeItems(SimpleChunkProcessor.java:193)\r\n	at org.springframework.batch.core.step.item.SimpleChunkProcessor.doWrite(SimpleChunkProcessor.java:159)\r\n	at org.springframework.batch.core.step.item.SimpleChunkProcessor.write(SimpleChunkProcessor.java:294)\r\n	at org.springframework.batch.core.step.item.SimpleChunkProcessor.process(SimpleChunkProcessor.java:217)\r\n	at org.springframework.batch.core.step.item.ChunkOrientedTasklet.execute(ChunkOrientedTasklet.java:77)\r\n	at org.springframework.batch.core.step.tasklet.TaskletStep$ChunkTransactionCallback.doInTransaction(TaskletStep.java:407)\r\n	at org.springframework.batch.core.step.tasklet.TaskletStep$ChunkTransactionCallback.doInTransaction(TaskletStep.java:331)\r\n	at org.springframework.transaction.support.TransactionTemplate.execute(TransactionTemplate.java:140)\r\n	at org.springframework.batch.core.step.tasklet.TaskletStep$2.doInChunkContext(TaskletStep.java:273)\r\n	at org.springframework.batch.core.scope.context.StepContextRepeatCallback.doInIteration(StepContextRepeatCallback.java:82)\r\n	at org.springframework.batch.repeat.support.RepeatTemplate.getNextResult(RepeatTemplate.java:375)\r\n	at org.springframework.batch.repeat.support.RepeatTemplate.executeInternal(RepeatTemplate.java:215)\r\n	at org.springframework.batch.repeat.support.RepeatTemplate.iterate(RepeatTemplate.java:145)\r\n	at org.springfra', '2021-08-14 21:58:30.000000');
INSERT INTO `batch_step_execution` VALUES (5, 2, 'step1', 5, '2021-08-14 21:59:11.000000', '2021-08-14 21:59:11.000000', 'FAILED', 0, 3, 0, 0, 0, 0, 0, 1, 'FAILED', 'org.springframework.jdbc.BadSqlGrammarException: PreparedStatementCallback; bad SQL grammar [INSERT INTO user (pin, name, dob, gender, address) VALUES (?, ?, ?, ?, ?)]; nested exception is java.sql.BatchUpdateException: Unknown column \'pin\' in \'field list\'\r\n	at org.springframework.jdbc.support.SQLErrorCodeSQLExceptionTranslator.doTranslate(SQLErrorCodeSQLExceptionTranslator.java:239)\r\n	at org.springframework.jdbc.support.AbstractFallbackSQLExceptionTranslator.translate(AbstractFallbackSQLExceptionTranslator.java:70)\r\n	at org.springframework.jdbc.core.JdbcTemplate.translateException(JdbcTemplate.java:1541)\r\n	at org.springframework.jdbc.core.JdbcTemplate.execute(JdbcTemplate.java:667)\r\n	at org.springframework.jdbc.core.JdbcTemplate.execute(JdbcTemplate.java:691)\r\n	at org.springframework.jdbc.core.JdbcTemplate.batchUpdate(JdbcTemplate.java:1034)\r\n	at org.springframework.jdbc.core.namedparam.NamedParameterJdbcTemplate.batchUpdate(NamedParameterJdbcTemplate.java:373)\r\n	at org.springframework.batch.item.database.JdbcBatchItemWriter.write(JdbcBatchItemWriter.java:182)\r\n	at org.springframework.batch.core.step.item.SimpleChunkProcessor.writeItems(SimpleChunkProcessor.java:193)\r\n	at org.springframework.batch.core.step.item.SimpleChunkProcessor.doWrite(SimpleChunkProcessor.java:159)\r\n	at org.springframework.batch.core.step.item.SimpleChunkProcessor.write(SimpleChunkProcessor.java:294)\r\n	at org.springframework.batch.core.step.item.SimpleChunkProcessor.process(SimpleChunkProcessor.java:217)\r\n	at org.springframework.batch.core.step.item.ChunkOrientedTasklet.execute(ChunkOrientedTasklet.java:77)\r\n	at org.springframework.batch.core.step.tasklet.TaskletStep$ChunkTransactionCallback.doInTransaction(TaskletStep.java:407)\r\n	at org.springframework.batch.core.step.tasklet.TaskletStep$ChunkTransactionCallback.doInTransaction(TaskletStep.java:331)\r\n	at org.springframework.transaction.support.TransactionTemplate.execute(TransactionTemplate.java:140)\r\n	at org.springframework.batch.core.step.tasklet.TaskletStep$2.doInChunkContext(TaskletStep.java:273)\r\n	at org.springframework.batch.core.scope.context.StepContextRepeatCallback.doInIteration(StepContextRepeatCallback.java:82)\r\n	at org.springframework.batch.repeat.support.RepeatTemplate.getNextResult(RepeatTemplate.java:375)\r\n	at org.springframework.batch.repeat.support.RepeatTemplate.executeInternal(RepeatTemplate.java:215)\r\n	at org.springframework.batch.repeat.support.RepeatTemplate.iterate(RepeatTemplate.java:145)\r\n	at org.springfra', '2021-08-14 21:59:11.000000');
INSERT INTO `batch_step_execution` VALUES (6, 2, 'step1', 6, '2021-08-14 22:00:53.000000', '2021-08-14 22:00:53.000000', 'FAILED', 0, 3, 0, 0, 0, 0, 0, 1, 'FAILED', 'org.springframework.dao.DataIntegrityViolationException: PreparedStatementCallback; SQL [INSERT INTO user (nip, name, dob, gender, address) VALUES (?, ?, ?, ?, ?)]; Field \'id\' doesn\'t have a default value; nested exception is java.sql.BatchUpdateException: Field \'id\' doesn\'t have a default value\r\n	at org.springframework.jdbc.support.SQLErrorCodeSQLExceptionTranslator.doTranslate(SQLErrorCodeSQLExceptionTranslator.java:251)\r\n	at org.springframework.jdbc.support.AbstractFallbackSQLExceptionTranslator.translate(AbstractFallbackSQLExceptionTranslator.java:70)\r\n	at org.springframework.jdbc.core.JdbcTemplate.translateException(JdbcTemplate.java:1541)\r\n	at org.springframework.jdbc.core.JdbcTemplate.execute(JdbcTemplate.java:667)\r\n	at org.springframework.jdbc.core.JdbcTemplate.execute(JdbcTemplate.java:691)\r\n	at org.springframework.jdbc.core.JdbcTemplate.batchUpdate(JdbcTemplate.java:1034)\r\n	at org.springframework.jdbc.core.namedparam.NamedParameterJdbcTemplate.batchUpdate(NamedParameterJdbcTemplate.java:373)\r\n	at org.springframework.batch.item.database.JdbcBatchItemWriter.write(JdbcBatchItemWriter.java:182)\r\n	at org.springframework.batch.core.step.item.SimpleChunkProcessor.writeItems(SimpleChunkProcessor.java:193)\r\n	at org.springframework.batch.core.step.item.SimpleChunkProcessor.doWrite(SimpleChunkProcessor.java:159)\r\n	at org.springframework.batch.core.step.item.SimpleChunkProcessor.write(SimpleChunkProcessor.java:294)\r\n	at org.springframework.batch.core.step.item.SimpleChunkProcessor.process(SimpleChunkProcessor.java:217)\r\n	at org.springframework.batch.core.step.item.ChunkOrientedTasklet.execute(ChunkOrientedTasklet.java:77)\r\n	at org.springframework.batch.core.step.tasklet.TaskletStep$ChunkTransactionCallback.doInTransaction(TaskletStep.java:407)\r\n	at org.springframework.batch.core.step.tasklet.TaskletStep$ChunkTransactionCallback.doInTransaction(TaskletStep.java:331)\r\n	at org.springframework.transaction.support.TransactionTemplate.execute(TransactionTemplate.java:140)\r\n	at org.springframework.batch.core.step.tasklet.TaskletStep$2.doInChunkContext(TaskletStep.java:273)\r\n	at org.springframework.batch.core.scope.context.StepContextRepeatCallback.doInIteration(StepContextRepeatCallback.java:82)\r\n	at org.springframework.batch.repeat.support.RepeatTemplate.getNextResult(RepeatTemplate.java:375)\r\n	at org.springframework.batch.repeat.support.RepeatTemplate.executeInternal(RepeatTemplate.java:215)\r\n	at org.springframework.batch.repeat.support.RepeatTemplate.iterate(Rep', '2021-08-14 22:00:53.000000');
INSERT INTO `batch_step_execution` VALUES (7, 2, 'step1', 7, '2021-08-14 22:03:25.000000', '2021-08-14 22:03:26.000000', 'FAILED', 0, 3, 0, 0, 0, 0, 0, 1, 'FAILED', 'org.springframework.dao.DataIntegrityViolationException: PreparedStatementCallback; SQL [INSERT INTO user (nip, name, dob, gender, address) VALUES (?, ?, ?, ?, ?)]; Field \'id\' doesn\'t have a default value; nested exception is java.sql.BatchUpdateException: Field \'id\' doesn\'t have a default value\r\n	at org.springframework.jdbc.support.SQLErrorCodeSQLExceptionTranslator.doTranslate(SQLErrorCodeSQLExceptionTranslator.java:251)\r\n	at org.springframework.jdbc.support.AbstractFallbackSQLExceptionTranslator.translate(AbstractFallbackSQLExceptionTranslator.java:70)\r\n	at org.springframework.jdbc.core.JdbcTemplate.translateException(JdbcTemplate.java:1541)\r\n	at org.springframework.jdbc.core.JdbcTemplate.execute(JdbcTemplate.java:667)\r\n	at org.springframework.jdbc.core.JdbcTemplate.execute(JdbcTemplate.java:691)\r\n	at org.springframework.jdbc.core.JdbcTemplate.batchUpdate(JdbcTemplate.java:1034)\r\n	at org.springframework.jdbc.core.namedparam.NamedParameterJdbcTemplate.batchUpdate(NamedParameterJdbcTemplate.java:373)\r\n	at org.springframework.batch.item.database.JdbcBatchItemWriter.write(JdbcBatchItemWriter.java:182)\r\n	at org.springframework.batch.core.step.item.SimpleChunkProcessor.writeItems(SimpleChunkProcessor.java:193)\r\n	at org.springframework.batch.core.step.item.SimpleChunkProcessor.doWrite(SimpleChunkProcessor.java:159)\r\n	at org.springframework.batch.core.step.item.SimpleChunkProcessor.write(SimpleChunkProcessor.java:294)\r\n	at org.springframework.batch.core.step.item.SimpleChunkProcessor.process(SimpleChunkProcessor.java:217)\r\n	at org.springframework.batch.core.step.item.ChunkOrientedTasklet.execute(ChunkOrientedTasklet.java:77)\r\n	at org.springframework.batch.core.step.tasklet.TaskletStep$ChunkTransactionCallback.doInTransaction(TaskletStep.java:407)\r\n	at org.springframework.batch.core.step.tasklet.TaskletStep$ChunkTransactionCallback.doInTransaction(TaskletStep.java:331)\r\n	at org.springframework.transaction.support.TransactionTemplate.execute(TransactionTemplate.java:140)\r\n	at org.springframework.batch.core.step.tasklet.TaskletStep$2.doInChunkContext(TaskletStep.java:273)\r\n	at org.springframework.batch.core.scope.context.StepContextRepeatCallback.doInIteration(StepContextRepeatCallback.java:82)\r\n	at org.springframework.batch.repeat.support.RepeatTemplate.getNextResult(RepeatTemplate.java:375)\r\n	at org.springframework.batch.repeat.support.RepeatTemplate.executeInternal(RepeatTemplate.java:215)\r\n	at org.springframework.batch.repeat.support.RepeatTemplate.iterate(Rep', '2021-08-14 22:03:26.000000');
INSERT INTO `batch_step_execution` VALUES (8, 2, 'step1', 8, '2021-08-14 22:11:17.000000', '2021-08-14 22:11:17.000000', 'FAILED', 0, 3, 0, 0, 0, 0, 0, 1, 'FAILED', 'org.springframework.dao.DataIntegrityViolationException: PreparedStatementCallback; SQL [INSERT INTO user (nip, name, dob, gender, address) VALUES (?, ?, ?, ?, ?)]; Field \'created_at\' doesn\'t have a default value; nested exception is java.sql.BatchUpdateException: Field \'created_at\' doesn\'t have a default value\r\n	at org.springframework.jdbc.support.SQLErrorCodeSQLExceptionTranslator.doTranslate(SQLErrorCodeSQLExceptionTranslator.java:251)\r\n	at org.springframework.jdbc.support.AbstractFallbackSQLExceptionTranslator.translate(AbstractFallbackSQLExceptionTranslator.java:70)\r\n	at org.springframework.jdbc.core.JdbcTemplate.translateException(JdbcTemplate.java:1541)\r\n	at org.springframework.jdbc.core.JdbcTemplate.execute(JdbcTemplate.java:667)\r\n	at org.springframework.jdbc.core.JdbcTemplate.execute(JdbcTemplate.java:691)\r\n	at org.springframework.jdbc.core.JdbcTemplate.batchUpdate(JdbcTemplate.java:1034)\r\n	at org.springframework.jdbc.core.namedparam.NamedParameterJdbcTemplate.batchUpdate(NamedParameterJdbcTemplate.java:373)\r\n	at org.springframework.batch.item.database.JdbcBatchItemWriter.write(JdbcBatchItemWriter.java:182)\r\n	at org.springframework.batch.core.step.item.SimpleChunkProcessor.writeItems(SimpleChunkProcessor.java:193)\r\n	at org.springframework.batch.core.step.item.SimpleChunkProcessor.doWrite(SimpleChunkProcessor.java:159)\r\n	at org.springframework.batch.core.step.item.SimpleChunkProcessor.write(SimpleChunkProcessor.java:294)\r\n	at org.springframework.batch.core.step.item.SimpleChunkProcessor.process(SimpleChunkProcessor.java:217)\r\n	at org.springframework.batch.core.step.item.ChunkOrientedTasklet.execute(ChunkOrientedTasklet.java:77)\r\n	at org.springframework.batch.core.step.tasklet.TaskletStep$ChunkTransactionCallback.doInTransaction(TaskletStep.java:407)\r\n	at org.springframework.batch.core.step.tasklet.TaskletStep$ChunkTransactionCallback.doInTransaction(TaskletStep.java:331)\r\n	at org.springframework.transaction.support.TransactionTemplate.execute(TransactionTemplate.java:140)\r\n	at org.springframework.batch.core.step.tasklet.TaskletStep$2.doInChunkContext(TaskletStep.java:273)\r\n	at org.springframework.batch.core.scope.context.StepContextRepeatCallback.doInIteration(StepContextRepeatCallback.java:82)\r\n	at org.springframework.batch.repeat.support.RepeatTemplate.getNextResult(RepeatTemplate.java:375)\r\n	at org.springframework.batch.repeat.support.RepeatTemplate.executeInternal(RepeatTemplate.java:215)\r\n	at org.springframework.batch.repeat.support.RepeatTemp', '2021-08-14 22:11:17.000000');
INSERT INTO `batch_step_execution` VALUES (9, 3, 'step1', 9, '2021-08-14 22:17:03.000000', '2021-08-14 22:17:03.000000', 'COMPLETED', 1, 3, 0, 3, 0, 0, 0, 0, 'COMPLETED', '', '2021-08-14 22:17:03.000000');
INSERT INTO `batch_step_execution` VALUES (10, 3, 'step1', 10, '2021-08-14 22:23:21.000000', '2021-08-14 22:23:21.000000', 'COMPLETED', 1, 3, 0, 3, 0, 0, 0, 0, 'COMPLETED', '', '2021-08-14 22:23:21.000000');
INSERT INTO `batch_step_execution` VALUES (11, 3, 'step1', 11, '2021-08-14 22:29:46.000000', '2021-08-14 22:29:46.000000', 'COMPLETED', 1, 3, 0, 3, 0, 0, 0, 0, 'COMPLETED', '', '2021-08-14 22:29:46.000000');
INSERT INTO `batch_step_execution` VALUES (12, 3, 'step1', 12, '2021-08-14 22:38:02.000000', '2021-08-14 22:38:02.000000', 'COMPLETED', 1, 3, 0, 3, 0, 0, 0, 0, 'COMPLETED', '', '2021-08-14 22:38:02.000000');
INSERT INTO `batch_step_execution` VALUES (13, 3, 'step1', 13, '2021-08-14 22:40:43.000000', '2021-08-14 22:40:43.000000', 'COMPLETED', 1, 3, 0, 3, 0, 0, 0, 0, 'COMPLETED', '', '2021-08-14 22:40:43.000000');
INSERT INTO `batch_step_execution` VALUES (14, 1, 'step1', 14, '2021-08-14 22:42:27.000000', NULL, 'STARTED', 0, 0, 0, 0, 0, 0, 0, 0, 'EXECUTING', '', '2021-08-14 22:42:27.000000');
INSERT INTO `batch_step_execution` VALUES (15, 3, 'step1', 15, '2021-08-14 22:42:35.000000', '2021-08-14 22:42:36.000000', 'COMPLETED', 1, 3, 0, 3, 0, 0, 0, 0, 'COMPLETED', '', '2021-08-14 22:42:36.000000');
INSERT INTO `batch_step_execution` VALUES (16, 3, 'step1', 16, '2021-08-14 22:42:47.000000', '2021-08-14 22:42:48.000000', 'COMPLETED', 1, 3, 0, 3, 0, 0, 0, 0, 'COMPLETED', '', '2021-08-14 22:42:48.000000');
INSERT INTO `batch_step_execution` VALUES (17, 2, 'step1', 17, '2021-08-14 23:31:02.000000', '2021-08-14 23:31:02.000000', 'FAILED', 0, 0, 0, 0, 0, 0, 0, 1, 'FAILED', 'org.springframework.batch.item.file.FlatFileParseException: Parsing error at line: 1 in resource=[path [D:\\8. PROJECT\\JAVA ECLIPSE WORKSPACE\\dapenbi\\dataRandom.csv]], input=[7630,6724,Salvador N. Luben,1970-09-03,M,4390 Governess Blvd Apartment 455,6160283651368420,0819-8112-8873]\r\n	at org.springframework.batch.item.file.FlatFileItemReader.doRead(FlatFileItemReader.java:189)\r\n	at org.springframework.batch.item.support.AbstractItemCountingItemStreamItemReader.read(AbstractItemCountingItemStreamItemReader.java:93)\r\n	at org.springframework.batch.core.step.item.SimpleChunkProvider.doRead(SimpleChunkProvider.java:99)\r\n	at org.springframework.batch.core.step.item.SimpleChunkProvider.read(SimpleChunkProvider.java:180)\r\n	at org.springframework.batch.core.step.item.SimpleChunkProvider$1.doInIteration(SimpleChunkProvider.java:126)\r\n	at org.springframework.batch.repeat.support.RepeatTemplate.getNextResult(RepeatTemplate.java:375)\r\n	at org.springframework.batch.repeat.support.RepeatTemplate.executeInternal(RepeatTemplate.java:215)\r\n	at org.springframework.batch.repeat.support.RepeatTemplate.iterate(RepeatTemplate.java:145)\r\n	at org.springframework.batch.core.step.item.SimpleChunkProvider.provide(SimpleChunkProvider.java:118)\r\n	at org.springframework.batch.core.step.item.ChunkOrientedTasklet.execute(ChunkOrientedTasklet.java:71)\r\n	at org.springframework.batch.core.step.tasklet.TaskletStep$ChunkTransactionCallback.doInTransaction(TaskletStep.java:407)\r\n	at org.springframework.batch.core.step.tasklet.TaskletStep$ChunkTransactionCallback.doInTransaction(TaskletStep.java:331)\r\n	at org.springframework.transaction.support.TransactionTemplate.execute(TransactionTemplate.java:140)\r\n	at org.springframework.batch.core.step.tasklet.TaskletStep$2.doInChunkContext(TaskletStep.java:273)\r\n	at org.springframework.batch.core.scope.context.StepContextRepeatCallback.doInIteration(StepContextRepeatCallback.java:82)\r\n	at org.springframework.batch.repeat.support.RepeatTemplate.getNextResult(RepeatTemplate.java:375)\r\n	at org.springframework.batch.repeat.support.RepeatTemplate.executeInternal(RepeatTemplate.java:215)\r\n	at org.springframework.batch.repeat.support.RepeatTemplate.iterate(RepeatTemplate.java:145)\r\n	at org.springframework.batch.core.step.tasklet.TaskletStep.doExecute(TaskletStep.java:258)\r\n	at org.springframework.batch.core.step.AbstractStep.execute(AbstractStep.java:208)\r\n	at org.springframework.batch.core.job.SimpleStepHandler.handleStep(SimpleStepHandler.java:152)\r\n	at org.spri', '2021-08-14 23:31:02.000000');
INSERT INTO `batch_step_execution` VALUES (18, 2, 'step1', 18, '2021-08-14 23:44:18.000000', '2021-08-14 23:44:19.000000', 'FAILED', 0, 0, 0, 0, 0, 0, 0, 1, 'FAILED', 'org.springframework.batch.item.file.FlatFileParseException: Parsing error at line: 1 in resource=[path [D:\\8. PROJECT\\JAVA ECLIPSE WORKSPACE\\dapenbi\\dataRandom.csv]], input=[7630,6724,Salvador N. Luben,1970-09-03,M,4390 Governess Blvd Apartment 455,6160283651368420,0819-8112-8873]\r\n	at org.springframework.batch.item.file.FlatFileItemReader.doRead(FlatFileItemReader.java:189)\r\n	at org.springframework.batch.item.support.AbstractItemCountingItemStreamItemReader.read(AbstractItemCountingItemStreamItemReader.java:93)\r\n	at org.springframework.batch.core.step.item.SimpleChunkProvider.doRead(SimpleChunkProvider.java:99)\r\n	at org.springframework.batch.core.step.item.SimpleChunkProvider.read(SimpleChunkProvider.java:180)\r\n	at org.springframework.batch.core.step.item.SimpleChunkProvider$1.doInIteration(SimpleChunkProvider.java:126)\r\n	at org.springframework.batch.repeat.support.RepeatTemplate.getNextResult(RepeatTemplate.java:375)\r\n	at org.springframework.batch.repeat.support.RepeatTemplate.executeInternal(RepeatTemplate.java:215)\r\n	at org.springframework.batch.repeat.support.RepeatTemplate.iterate(RepeatTemplate.java:145)\r\n	at org.springframework.batch.core.step.item.SimpleChunkProvider.provide(SimpleChunkProvider.java:118)\r\n	at org.springframework.batch.core.step.item.ChunkOrientedTasklet.execute(ChunkOrientedTasklet.java:71)\r\n	at org.springframework.batch.core.step.tasklet.TaskletStep$ChunkTransactionCallback.doInTransaction(TaskletStep.java:407)\r\n	at org.springframework.batch.core.step.tasklet.TaskletStep$ChunkTransactionCallback.doInTransaction(TaskletStep.java:331)\r\n	at org.springframework.transaction.support.TransactionTemplate.execute(TransactionTemplate.java:140)\r\n	at org.springframework.batch.core.step.tasklet.TaskletStep$2.doInChunkContext(TaskletStep.java:273)\r\n	at org.springframework.batch.core.scope.context.StepContextRepeatCallback.doInIteration(StepContextRepeatCallback.java:82)\r\n	at org.springframework.batch.repeat.support.RepeatTemplate.getNextResult(RepeatTemplate.java:375)\r\n	at org.springframework.batch.repeat.support.RepeatTemplate.executeInternal(RepeatTemplate.java:215)\r\n	at org.springframework.batch.repeat.support.RepeatTemplate.iterate(RepeatTemplate.java:145)\r\n	at org.springframework.batch.core.step.tasklet.TaskletStep.doExecute(TaskletStep.java:258)\r\n	at org.springframework.batch.core.step.AbstractStep.execute(AbstractStep.java:208)\r\n	at org.springframework.batch.core.job.SimpleStepHandler.handleStep(SimpleStepHandler.java:152)\r\n	at org.spri', '2021-08-14 23:44:19.000000');
INSERT INTO `batch_step_execution` VALUES (19, 2, 'step1', 19, '2021-08-14 23:47:01.000000', '2021-08-14 23:47:02.000000', 'FAILED', 0, 0, 0, 0, 0, 0, 0, 1, 'FAILED', 'org.springframework.batch.item.file.FlatFileParseException: Parsing error at line: 1 in resource=[path [D:\\8. PROJECT\\JAVA ECLIPSE WORKSPACE\\dapenbi\\dataRandom.csv]], input=[6724,Salvador N. Luben,1970-09-03,M,4390 Governess Blvd Apartment 455,6160283651368420,0819-8112-8873]\r\n	at org.springframework.batch.item.file.FlatFileItemReader.doRead(FlatFileItemReader.java:189)\r\n	at org.springframework.batch.item.support.AbstractItemCountingItemStreamItemReader.read(AbstractItemCountingItemStreamItemReader.java:93)\r\n	at org.springframework.batch.core.step.item.SimpleChunkProvider.doRead(SimpleChunkProvider.java:99)\r\n	at org.springframework.batch.core.step.item.SimpleChunkProvider.read(SimpleChunkProvider.java:180)\r\n	at org.springframework.batch.core.step.item.SimpleChunkProvider$1.doInIteration(SimpleChunkProvider.java:126)\r\n	at org.springframework.batch.repeat.support.RepeatTemplate.getNextResult(RepeatTemplate.java:375)\r\n	at org.springframework.batch.repeat.support.RepeatTemplate.executeInternal(RepeatTemplate.java:215)\r\n	at org.springframework.batch.repeat.support.RepeatTemplate.iterate(RepeatTemplate.java:145)\r\n	at org.springframework.batch.core.step.item.SimpleChunkProvider.provide(SimpleChunkProvider.java:118)\r\n	at org.springframework.batch.core.step.item.ChunkOrientedTasklet.execute(ChunkOrientedTasklet.java:71)\r\n	at org.springframework.batch.core.step.tasklet.TaskletStep$ChunkTransactionCallback.doInTransaction(TaskletStep.java:407)\r\n	at org.springframework.batch.core.step.tasklet.TaskletStep$ChunkTransactionCallback.doInTransaction(TaskletStep.java:331)\r\n	at org.springframework.transaction.support.TransactionTemplate.execute(TransactionTemplate.java:140)\r\n	at org.springframework.batch.core.step.tasklet.TaskletStep$2.doInChunkContext(TaskletStep.java:273)\r\n	at org.springframework.batch.core.scope.context.StepContextRepeatCallback.doInIteration(StepContextRepeatCallback.java:82)\r\n	at org.springframework.batch.repeat.support.RepeatTemplate.getNextResult(RepeatTemplate.java:375)\r\n	at org.springframework.batch.repeat.support.RepeatTemplate.executeInternal(RepeatTemplate.java:215)\r\n	at org.springframework.batch.repeat.support.RepeatTemplate.iterate(RepeatTemplate.java:145)\r\n	at org.springframework.batch.core.step.tasklet.TaskletStep.doExecute(TaskletStep.java:258)\r\n	at org.springframework.batch.core.step.AbstractStep.execute(AbstractStep.java:208)\r\n	at org.springframework.batch.core.job.SimpleStepHandler.handleStep(SimpleStepHandler.java:152)\r\n	at org.springfra', '2021-08-14 23:47:02.000000');
INSERT INTO `batch_step_execution` VALUES (20, 2, 'step1', 20, '2021-08-14 23:51:33.000000', '2021-08-14 23:51:33.000000', 'FAILED', 0, 1, 0, 0, 0, 0, 0, 1, 'FAILED', 'org.springframework.jdbc.BadSqlGrammarException: PreparedStatementCallback; bad SQL grammar [INSERT INTO user (nip, name, dob, gender, address, idNumber, phone) VALUES (?, ?, ?, ?, ? , idNumber, phone)]; nested exception is java.sql.BatchUpdateException: Unknown column \'idNumber\' in \'field list\'\r\n	at org.springframework.jdbc.support.SQLErrorCodeSQLExceptionTranslator.doTranslate(SQLErrorCodeSQLExceptionTranslator.java:239)\r\n	at org.springframework.jdbc.support.AbstractFallbackSQLExceptionTranslator.translate(AbstractFallbackSQLExceptionTranslator.java:70)\r\n	at org.springframework.jdbc.core.JdbcTemplate.translateException(JdbcTemplate.java:1541)\r\n	at org.springframework.jdbc.core.JdbcTemplate.execute(JdbcTemplate.java:667)\r\n	at org.springframework.jdbc.core.JdbcTemplate.execute(JdbcTemplate.java:691)\r\n	at org.springframework.jdbc.core.JdbcTemplate.batchUpdate(JdbcTemplate.java:1034)\r\n	at org.springframework.jdbc.core.namedparam.NamedParameterJdbcTemplate.batchUpdate(NamedParameterJdbcTemplate.java:373)\r\n	at org.springframework.batch.item.database.JdbcBatchItemWriter.write(JdbcBatchItemWriter.java:182)\r\n	at org.springframework.batch.core.step.item.SimpleChunkProcessor.writeItems(SimpleChunkProcessor.java:193)\r\n	at org.springframework.batch.core.step.item.SimpleChunkProcessor.doWrite(SimpleChunkProcessor.java:159)\r\n	at org.springframework.batch.core.step.item.SimpleChunkProcessor.write(SimpleChunkProcessor.java:294)\r\n	at org.springframework.batch.core.step.item.SimpleChunkProcessor.process(SimpleChunkProcessor.java:217)\r\n	at org.springframework.batch.core.step.item.ChunkOrientedTasklet.execute(ChunkOrientedTasklet.java:77)\r\n	at org.springframework.batch.core.step.tasklet.TaskletStep$ChunkTransactionCallback.doInTransaction(TaskletStep.java:407)\r\n	at org.springframework.batch.core.step.tasklet.TaskletStep$ChunkTransactionCallback.doInTransaction(TaskletStep.java:331)\r\n	at org.springframework.transaction.support.TransactionTemplate.execute(TransactionTemplate.java:140)\r\n	at org.springframework.batch.core.step.tasklet.TaskletStep$2.doInChunkContext(TaskletStep.java:273)\r\n	at org.springframework.batch.core.scope.context.StepContextRepeatCallback.doInIteration(StepContextRepeatCallback.java:82)\r\n	at org.springframework.batch.repeat.support.RepeatTemplate.getNextResult(RepeatTemplate.java:375)\r\n	at org.springframework.batch.repeat.support.RepeatTemplate.executeInternal(RepeatTemplate.java:215)\r\n	at org.springframework.batch.repeat.support.RepeatTemplate.iterate(Rep', '2021-08-14 23:51:33.000000');
INSERT INTO `batch_step_execution` VALUES (21, 2, 'step1', 21, '2021-08-14 23:52:02.000000', '2021-08-14 23:52:02.000000', 'FAILED', 0, 1, 0, 0, 0, 0, 0, 1, 'FAILED', 'org.springframework.jdbc.BadSqlGrammarException: PreparedStatementCallback; bad SQL grammar [INSERT INTO user (nip, name, dob, gender, address, id_number, phone) VALUES (?, ?, ?, ?, ? , idNumber, phone)]; nested exception is java.sql.BatchUpdateException: Unknown column \'idNumber\' in \'field list\'\r\n	at org.springframework.jdbc.support.SQLErrorCodeSQLExceptionTranslator.doTranslate(SQLErrorCodeSQLExceptionTranslator.java:239)\r\n	at org.springframework.jdbc.support.AbstractFallbackSQLExceptionTranslator.translate(AbstractFallbackSQLExceptionTranslator.java:70)\r\n	at org.springframework.jdbc.core.JdbcTemplate.translateException(JdbcTemplate.java:1541)\r\n	at org.springframework.jdbc.core.JdbcTemplate.execute(JdbcTemplate.java:667)\r\n	at org.springframework.jdbc.core.JdbcTemplate.execute(JdbcTemplate.java:691)\r\n	at org.springframework.jdbc.core.JdbcTemplate.batchUpdate(JdbcTemplate.java:1034)\r\n	at org.springframework.jdbc.core.namedparam.NamedParameterJdbcTemplate.batchUpdate(NamedParameterJdbcTemplate.java:373)\r\n	at org.springframework.batch.item.database.JdbcBatchItemWriter.write(JdbcBatchItemWriter.java:182)\r\n	at org.springframework.batch.core.step.item.SimpleChunkProcessor.writeItems(SimpleChunkProcessor.java:193)\r\n	at org.springframework.batch.core.step.item.SimpleChunkProcessor.doWrite(SimpleChunkProcessor.java:159)\r\n	at org.springframework.batch.core.step.item.SimpleChunkProcessor.write(SimpleChunkProcessor.java:294)\r\n	at org.springframework.batch.core.step.item.SimpleChunkProcessor.process(SimpleChunkProcessor.java:217)\r\n	at org.springframework.batch.core.step.item.ChunkOrientedTasklet.execute(ChunkOrientedTasklet.java:77)\r\n	at org.springframework.batch.core.step.tasklet.TaskletStep$ChunkTransactionCallback.doInTransaction(TaskletStep.java:407)\r\n	at org.springframework.batch.core.step.tasklet.TaskletStep$ChunkTransactionCallback.doInTransaction(TaskletStep.java:331)\r\n	at org.springframework.transaction.support.TransactionTemplate.execute(TransactionTemplate.java:140)\r\n	at org.springframework.batch.core.step.tasklet.TaskletStep$2.doInChunkContext(TaskletStep.java:273)\r\n	at org.springframework.batch.core.scope.context.StepContextRepeatCallback.doInIteration(StepContextRepeatCallback.java:82)\r\n	at org.springframework.batch.repeat.support.RepeatTemplate.getNextResult(RepeatTemplate.java:375)\r\n	at org.springframework.batch.repeat.support.RepeatTemplate.executeInternal(RepeatTemplate.java:215)\r\n	at org.springframework.batch.repeat.support.RepeatTemplate.iterate(Re', '2021-08-14 23:52:02.000000');
INSERT INTO `batch_step_execution` VALUES (22, 2, 'step1', 22, '2021-08-14 23:52:08.000000', '2021-08-14 23:52:08.000000', 'FAILED', 0, 1, 0, 0, 0, 0, 0, 1, 'FAILED', 'org.springframework.jdbc.BadSqlGrammarException: PreparedStatementCallback; bad SQL grammar [INSERT INTO user (nip, name, dob, gender, address, id_number, phone) VALUES (?, ?, ?, ?, ? , idNumber, phone)]; nested exception is java.sql.BatchUpdateException: Unknown column \'idNumber\' in \'field list\'\r\n	at org.springframework.jdbc.support.SQLErrorCodeSQLExceptionTranslator.doTranslate(SQLErrorCodeSQLExceptionTranslator.java:239)\r\n	at org.springframework.jdbc.support.AbstractFallbackSQLExceptionTranslator.translate(AbstractFallbackSQLExceptionTranslator.java:70)\r\n	at org.springframework.jdbc.core.JdbcTemplate.translateException(JdbcTemplate.java:1541)\r\n	at org.springframework.jdbc.core.JdbcTemplate.execute(JdbcTemplate.java:667)\r\n	at org.springframework.jdbc.core.JdbcTemplate.execute(JdbcTemplate.java:691)\r\n	at org.springframework.jdbc.core.JdbcTemplate.batchUpdate(JdbcTemplate.java:1034)\r\n	at org.springframework.jdbc.core.namedparam.NamedParameterJdbcTemplate.batchUpdate(NamedParameterJdbcTemplate.java:373)\r\n	at org.springframework.batch.item.database.JdbcBatchItemWriter.write(JdbcBatchItemWriter.java:182)\r\n	at org.springframework.batch.core.step.item.SimpleChunkProcessor.writeItems(SimpleChunkProcessor.java:193)\r\n	at org.springframework.batch.core.step.item.SimpleChunkProcessor.doWrite(SimpleChunkProcessor.java:159)\r\n	at org.springframework.batch.core.step.item.SimpleChunkProcessor.write(SimpleChunkProcessor.java:294)\r\n	at org.springframework.batch.core.step.item.SimpleChunkProcessor.process(SimpleChunkProcessor.java:217)\r\n	at org.springframework.batch.core.step.item.ChunkOrientedTasklet.execute(ChunkOrientedTasklet.java:77)\r\n	at org.springframework.batch.core.step.tasklet.TaskletStep$ChunkTransactionCallback.doInTransaction(TaskletStep.java:407)\r\n	at org.springframework.batch.core.step.tasklet.TaskletStep$ChunkTransactionCallback.doInTransaction(TaskletStep.java:331)\r\n	at org.springframework.transaction.support.TransactionTemplate.execute(TransactionTemplate.java:140)\r\n	at org.springframework.batch.core.step.tasklet.TaskletStep$2.doInChunkContext(TaskletStep.java:273)\r\n	at org.springframework.batch.core.scope.context.StepContextRepeatCallback.doInIteration(StepContextRepeatCallback.java:82)\r\n	at org.springframework.batch.repeat.support.RepeatTemplate.getNextResult(RepeatTemplate.java:375)\r\n	at org.springframework.batch.repeat.support.RepeatTemplate.executeInternal(RepeatTemplate.java:215)\r\n	at org.springframework.batch.repeat.support.RepeatTemplate.iterate(Re', '2021-08-14 23:52:08.000000');
INSERT INTO `batch_step_execution` VALUES (23, 2, 'step1', 23, '2021-08-14 23:53:11.000000', '2021-08-14 23:53:12.000000', 'FAILED', 0, 1, 0, 0, 0, 0, 0, 1, 'FAILED', 'org.springframework.jdbc.BadSqlGrammarException: PreparedStatementCallback; bad SQL grammar [INSERT INTO user (nip, name, dob, gender, address, id_number, phone) VALUES (?, ?, ?, ?, ? , idNumber, phone)]; nested exception is java.sql.BatchUpdateException: Unknown column \'idNumber\' in \'field list\'\r\n	at org.springframework.jdbc.support.SQLErrorCodeSQLExceptionTranslator.doTranslate(SQLErrorCodeSQLExceptionTranslator.java:239)\r\n	at org.springframework.jdbc.support.AbstractFallbackSQLExceptionTranslator.translate(AbstractFallbackSQLExceptionTranslator.java:70)\r\n	at org.springframework.jdbc.core.JdbcTemplate.translateException(JdbcTemplate.java:1541)\r\n	at org.springframework.jdbc.core.JdbcTemplate.execute(JdbcTemplate.java:667)\r\n	at org.springframework.jdbc.core.JdbcTemplate.execute(JdbcTemplate.java:691)\r\n	at org.springframework.jdbc.core.JdbcTemplate.batchUpdate(JdbcTemplate.java:1034)\r\n	at org.springframework.jdbc.core.namedparam.NamedParameterJdbcTemplate.batchUpdate(NamedParameterJdbcTemplate.java:373)\r\n	at org.springframework.batch.item.database.JdbcBatchItemWriter.write(JdbcBatchItemWriter.java:182)\r\n	at org.springframework.batch.core.step.item.SimpleChunkProcessor.writeItems(SimpleChunkProcessor.java:193)\r\n	at org.springframework.batch.core.step.item.SimpleChunkProcessor.doWrite(SimpleChunkProcessor.java:159)\r\n	at org.springframework.batch.core.step.item.SimpleChunkProcessor.write(SimpleChunkProcessor.java:294)\r\n	at org.springframework.batch.core.step.item.SimpleChunkProcessor.process(SimpleChunkProcessor.java:217)\r\n	at org.springframework.batch.core.step.item.ChunkOrientedTasklet.execute(ChunkOrientedTasklet.java:77)\r\n	at org.springframework.batch.core.step.tasklet.TaskletStep$ChunkTransactionCallback.doInTransaction(TaskletStep.java:407)\r\n	at org.springframework.batch.core.step.tasklet.TaskletStep$ChunkTransactionCallback.doInTransaction(TaskletStep.java:331)\r\n	at org.springframework.transaction.support.TransactionTemplate.execute(TransactionTemplate.java:140)\r\n	at org.springframework.batch.core.step.tasklet.TaskletStep$2.doInChunkContext(TaskletStep.java:273)\r\n	at org.springframework.batch.core.scope.context.StepContextRepeatCallback.doInIteration(StepContextRepeatCallback.java:82)\r\n	at org.springframework.batch.repeat.support.RepeatTemplate.getNextResult(RepeatTemplate.java:375)\r\n	at org.springframework.batch.repeat.support.RepeatTemplate.executeInternal(RepeatTemplate.java:215)\r\n	at org.springframework.batch.repeat.support.RepeatTemplate.iterate(Re', '2021-08-14 23:53:12.000000');
INSERT INTO `batch_step_execution` VALUES (24, 2, 'step1', 24, '2021-08-14 23:54:20.000000', '2021-08-14 23:54:22.000000', 'FAILED', 0, 1, 0, 0, 0, 0, 0, 1, 'FAILED', 'org.springframework.dao.DataIntegrityViolationException: PreparedStatementCallback; SQL [INSERT INTO user (nip, name, dob, gender, address, id_number, phone) VALUES (?, ?, ?, ?, ? , ?, ?)]; Data truncation: Out of range value for column \'id_number\' at row 1; nested exception is java.sql.BatchUpdateException: Data truncation: Out of range value for column \'id_number\' at row 1\r\n	at org.springframework.jdbc.support.SQLStateSQLExceptionTranslator.doTranslate(SQLStateSQLExceptionTranslator.java:104)\r\n	at org.springframework.jdbc.support.AbstractFallbackSQLExceptionTranslator.translate(AbstractFallbackSQLExceptionTranslator.java:70)\r\n	at org.springframework.jdbc.support.AbstractFallbackSQLExceptionTranslator.translate(AbstractFallbackSQLExceptionTranslator.java:79)\r\n	at org.springframework.jdbc.support.AbstractFallbackSQLExceptionTranslator.translate(AbstractFallbackSQLExceptionTranslator.java:79)\r\n	at org.springframework.jdbc.core.JdbcTemplate.translateException(JdbcTemplate.java:1541)\r\n	at org.springframework.jdbc.core.JdbcTemplate.execute(JdbcTemplate.java:667)\r\n	at org.springframework.jdbc.core.JdbcTemplate.execute(JdbcTemplate.java:691)\r\n	at org.springframework.jdbc.core.JdbcTemplate.batchUpdate(JdbcTemplate.java:1034)\r\n	at org.springframework.jdbc.core.namedparam.NamedParameterJdbcTemplate.batchUpdate(NamedParameterJdbcTemplate.java:373)\r\n	at org.springframework.batch.item.database.JdbcBatchItemWriter.write(JdbcBatchItemWriter.java:182)\r\n	at org.springframework.batch.core.step.item.SimpleChunkProcessor.writeItems(SimpleChunkProcessor.java:193)\r\n	at org.springframework.batch.core.step.item.SimpleChunkProcessor.doWrite(SimpleChunkProcessor.java:159)\r\n	at org.springframework.batch.core.step.item.SimpleChunkProcessor.write(SimpleChunkProcessor.java:294)\r\n	at org.springframework.batch.core.step.item.SimpleChunkProcessor.process(SimpleChunkProcessor.java:217)\r\n	at org.springframework.batch.core.step.item.ChunkOrientedTasklet.execute(ChunkOrientedTasklet.java:77)\r\n	at org.springframework.batch.core.step.tasklet.TaskletStep$ChunkTransactionCallback.doInTransaction(TaskletStep.java:407)\r\n	at org.springframework.batch.core.step.tasklet.TaskletStep$ChunkTransactionCallback.doInTransaction(TaskletStep.java:331)\r\n	at org.springframework.transaction.support.TransactionTemplate.execute(TransactionTemplate.java:140)\r\n	at org.springframework.batch.core.step.tasklet.TaskletStep$2.doInChunkContext(TaskletStep.java:273)\r\n	at org.springframework.batch.core.scope.context.StepCo', '2021-08-14 23:54:22.000000');
INSERT INTO `batch_step_execution` VALUES (25, 3, 'step1', 25, '2021-08-14 23:55:15.000000', '2021-08-14 23:55:21.000000', 'COMPLETED', 1, 1, 0, 1, 0, 0, 0, 0, 'COMPLETED', '', '2021-08-14 23:55:21.000000');
INSERT INTO `batch_step_execution` VALUES (26, 3, 'step1', 26, '2021-08-14 23:56:29.000000', '2021-08-14 23:56:30.000000', 'COMPLETED', 1, 1, 0, 1, 0, 0, 0, 0, 'COMPLETED', '', '2021-08-14 23:56:30.000000');
INSERT INTO `batch_step_execution` VALUES (27, 5, 'step1', 27, '2021-08-14 23:59:40.000000', '2021-08-14 23:59:42.000000', 'COMPLETED', 3, 25, 0, 25, 0, 0, 0, 0, 'COMPLETED', '', '2021-08-14 23:59:42.000000');
INSERT INTO `batch_step_execution` VALUES (28, 2, 'step1', 28, '2021-08-15 00:26:15.000000', '2021-08-15 00:26:15.000000', 'FAILED', 0, 0, 0, 0, 0, 0, 0, 0, 'FAILED', 'org.springframework.batch.item.ItemStreamException: Failed to initialize the reader\r\n	at org.springframework.batch.item.support.AbstractItemCountingItemStreamItemReader.open(AbstractItemCountingItemStreamItemReader.java:153)\r\n	at org.springframework.batch.item.support.CompositeItemStream.open(CompositeItemStream.java:104)\r\n	at org.springframework.batch.core.step.tasklet.TaskletStep.open(TaskletStep.java:311)\r\n	at org.springframework.batch.core.step.AbstractStep.execute(AbstractStep.java:205)\r\n	at org.springframework.batch.core.job.SimpleStepHandler.handleStep(SimpleStepHandler.java:152)\r\n	at org.springframework.batch.core.job.flow.JobFlowExecutor.executeStep(JobFlowExecutor.java:68)\r\n	at org.springframework.batch.core.job.flow.support.state.StepState.handle(StepState.java:68)\r\n	at org.springframework.batch.core.job.flow.support.SimpleFlow.resume(SimpleFlow.java:169)\r\n	at org.springframework.batch.core.job.flow.support.SimpleFlow.start(SimpleFlow.java:144)\r\n	at org.springframework.batch.core.job.flow.FlowJob.doExecute(FlowJob.java:137)\r\n	at org.springframework.batch.core.job.AbstractJob.execute(AbstractJob.java:320)\r\n	at org.springframework.batch.core.launch.support.SimpleJobLauncher$1.run(SimpleJobLauncher.java:149)\r\n	at org.springframework.core.task.SyncTaskExecutor.execute(SyncTaskExecutor.java:50)\r\n	at org.springframework.batch.core.launch.support.SimpleJobLauncher.run(SimpleJobLauncher.java:140)\r\n	at sun.reflect.NativeMethodAccessorImpl.invoke0(Native Method)\r\n	at sun.reflect.NativeMethodAccessorImpl.invoke(Unknown Source)\r\n	at sun.reflect.DelegatingMethodAccessorImpl.invoke(Unknown Source)\r\n	at java.lang.reflect.Method.invoke(Unknown Source)\r\n	at org.springframework.aop.support.AopUtils.invokeJoinpointUsingReflection(AopUtils.java:344)\r\n	at org.springframework.aop.framework.ReflectiveMethodInvocation.invokeJoinpoint(ReflectiveMethodInvocation.java:198)\r\n	at org.springframework.aop.framework.ReflectiveMethodInvocation.proceed(ReflectiveMethodInvocation.java:163)\r\n	at org.springframework.batch.core.configuration.annotation.SimpleBatchConfiguration$PassthruAdvice.invoke(SimpleBatchConfiguration.java:128)\r\n	at org.springframework.aop.framework.ReflectiveMethodInvocation.proceed(ReflectiveMethodInvocation.java:186)\r\n	at org.springframework.aop.framework.JdkDynamicAopProxy.invoke(JdkDynamicAopProxy.java:215)\r\n	at com.sun.proxy.$Proxy121.run(Unknown Source)\r\n	at org.springframework.boot.autoconfigure.batch.JobLauncherApplicationRunner.execute(JobLauncherAppl', '2021-08-15 00:26:15.000000');
INSERT INTO `batch_step_execution` VALUES (29, 2, 'step1', 29, '2021-08-15 00:53:12.000000', '2021-08-15 00:53:12.000000', 'FAILED', 0, 0, 0, 0, 0, 0, 0, 0, 'FAILED', 'org.springframework.batch.item.ItemStreamException: Failed to initialize the reader\r\n	at org.springframework.batch.item.support.AbstractItemCountingItemStreamItemReader.open(AbstractItemCountingItemStreamItemReader.java:153)\r\n	at org.springframework.batch.item.support.CompositeItemStream.open(CompositeItemStream.java:104)\r\n	at org.springframework.batch.core.step.tasklet.TaskletStep.open(TaskletStep.java:311)\r\n	at org.springframework.batch.core.step.AbstractStep.execute(AbstractStep.java:205)\r\n	at org.springframework.batch.core.job.SimpleStepHandler.handleStep(SimpleStepHandler.java:152)\r\n	at org.springframework.batch.core.job.flow.JobFlowExecutor.executeStep(JobFlowExecutor.java:68)\r\n	at org.springframework.batch.core.job.flow.support.state.StepState.handle(StepState.java:68)\r\n	at org.springframework.batch.core.job.flow.support.SimpleFlow.resume(SimpleFlow.java:169)\r\n	at org.springframework.batch.core.job.flow.support.SimpleFlow.start(SimpleFlow.java:144)\r\n	at org.springframework.batch.core.job.flow.FlowJob.doExecute(FlowJob.java:137)\r\n	at org.springframework.batch.core.job.AbstractJob.execute(AbstractJob.java:320)\r\n	at org.springframework.batch.core.launch.support.SimpleJobLauncher$1.run(SimpleJobLauncher.java:149)\r\n	at org.springframework.core.task.SyncTaskExecutor.execute(SyncTaskExecutor.java:50)\r\n	at org.springframework.batch.core.launch.support.SimpleJobLauncher.run(SimpleJobLauncher.java:140)\r\n	at sun.reflect.NativeMethodAccessorImpl.invoke0(Native Method)\r\n	at sun.reflect.NativeMethodAccessorImpl.invoke(Unknown Source)\r\n	at sun.reflect.DelegatingMethodAccessorImpl.invoke(Unknown Source)\r\n	at java.lang.reflect.Method.invoke(Unknown Source)\r\n	at org.springframework.aop.support.AopUtils.invokeJoinpointUsingReflection(AopUtils.java:344)\r\n	at org.springframework.aop.framework.ReflectiveMethodInvocation.invokeJoinpoint(ReflectiveMethodInvocation.java:198)\r\n	at org.springframework.aop.framework.ReflectiveMethodInvocation.proceed(ReflectiveMethodInvocation.java:163)\r\n	at org.springframework.batch.core.configuration.annotation.SimpleBatchConfiguration$PassthruAdvice.invoke(SimpleBatchConfiguration.java:128)\r\n	at org.springframework.aop.framework.ReflectiveMethodInvocation.proceed(ReflectiveMethodInvocation.java:186)\r\n	at org.springframework.aop.framework.JdkDynamicAopProxy.invoke(JdkDynamicAopProxy.java:215)\r\n	at com.sun.proxy.$Proxy121.run(Unknown Source)\r\n	at org.springframework.boot.autoconfigure.batch.JobLauncherApplicationRunner.execute(JobLauncherAppl', '2021-08-15 00:53:12.000000');
INSERT INTO `batch_step_execution` VALUES (30, 4, 'step1', 30, '2021-08-15 01:09:06.000000', '2021-08-15 01:09:06.000000', 'FAILED', 2, 25, 0, 20, 0, 0, 0, 1, 'FAILED', 'org.springframework.batch.item.file.FlatFileParseException: Parsing error at line: 26 in resource=[path [D:\\8. PROJECT\\JAVA ECLIPSE WORKSPACE\\dapenbi\\dataRandom.csv]], input=[]\r\n	at org.springframework.batch.item.file.FlatFileItemReader.doRead(FlatFileItemReader.java:189)\r\n	at org.springframework.batch.item.support.AbstractItemCountingItemStreamItemReader.read(AbstractItemCountingItemStreamItemReader.java:93)\r\n	at org.springframework.batch.core.step.item.SimpleChunkProvider.doRead(SimpleChunkProvider.java:99)\r\n	at org.springframework.batch.core.step.item.SimpleChunkProvider.read(SimpleChunkProvider.java:180)\r\n	at org.springframework.batch.core.step.item.SimpleChunkProvider$1.doInIteration(SimpleChunkProvider.java:126)\r\n	at org.springframework.batch.repeat.support.RepeatTemplate.getNextResult(RepeatTemplate.java:375)\r\n	at org.springframework.batch.repeat.support.RepeatTemplate.executeInternal(RepeatTemplate.java:215)\r\n	at org.springframework.batch.repeat.support.RepeatTemplate.iterate(RepeatTemplate.java:145)\r\n	at org.springframework.batch.core.step.item.SimpleChunkProvider.provide(SimpleChunkProvider.java:118)\r\n	at org.springframework.batch.core.step.item.ChunkOrientedTasklet.execute(ChunkOrientedTasklet.java:71)\r\n	at org.springframework.batch.core.step.tasklet.TaskletStep$ChunkTransactionCallback.doInTransaction(TaskletStep.java:407)\r\n	at org.springframework.batch.core.step.tasklet.TaskletStep$ChunkTransactionCallback.doInTransaction(TaskletStep.java:331)\r\n	at org.springframework.transaction.support.TransactionTemplate.execute(TransactionTemplate.java:140)\r\n	at org.springframework.batch.core.step.tasklet.TaskletStep$2.doInChunkContext(TaskletStep.java:273)\r\n	at org.springframework.batch.core.scope.context.StepContextRepeatCallback.doInIteration(StepContextRepeatCallback.java:82)\r\n	at org.springframework.batch.repeat.support.RepeatTemplate.getNextResult(RepeatTemplate.java:375)\r\n	at org.springframework.batch.repeat.support.RepeatTemplate.executeInternal(RepeatTemplate.java:215)\r\n	at org.springframework.batch.repeat.support.RepeatTemplate.iterate(RepeatTemplate.java:145)\r\n	at org.springframework.batch.core.step.tasklet.TaskletStep.doExecute(TaskletStep.java:258)\r\n	at org.springframework.batch.core.step.AbstractStep.execute(AbstractStep.java:208)\r\n	at org.springframework.batch.core.job.SimpleStepHandler.handleStep(SimpleStepHandler.java:152)\r\n	at org.springframework.batch.core.job.flow.JobFlowExecutor.executeStep(JobFlowExecutor.java:68)\r\n	at org.springframe', '2021-08-15 01:09:06.000000');
INSERT INTO `batch_step_execution` VALUES (31, 4, 'step1', 31, '2021-08-15 01:10:51.000000', '2021-08-15 01:10:56.000000', 'FAILED', 2, 25, 0, 20, 0, 0, 0, 1, 'FAILED', 'org.springframework.batch.item.file.FlatFileParseException: Parsing error at line: 26 in resource=[path [D:\\8. PROJECT\\JAVA ECLIPSE WORKSPACE\\dapenbi\\dataRandom.csv]], input=[]\r\n	at org.springframework.batch.item.file.FlatFileItemReader.doRead(FlatFileItemReader.java:189)\r\n	at org.springframework.batch.item.support.AbstractItemCountingItemStreamItemReader.read(AbstractItemCountingItemStreamItemReader.java:93)\r\n	at org.springframework.batch.core.step.item.SimpleChunkProvider.doRead(SimpleChunkProvider.java:99)\r\n	at org.springframework.batch.core.step.item.SimpleChunkProvider.read(SimpleChunkProvider.java:180)\r\n	at org.springframework.batch.core.step.item.SimpleChunkProvider$1.doInIteration(SimpleChunkProvider.java:126)\r\n	at org.springframework.batch.repeat.support.RepeatTemplate.getNextResult(RepeatTemplate.java:375)\r\n	at org.springframework.batch.repeat.support.RepeatTemplate.executeInternal(RepeatTemplate.java:215)\r\n	at org.springframework.batch.repeat.support.RepeatTemplate.iterate(RepeatTemplate.java:145)\r\n	at org.springframework.batch.core.step.item.SimpleChunkProvider.provide(SimpleChunkProvider.java:118)\r\n	at org.springframework.batch.core.step.item.ChunkOrientedTasklet.execute(ChunkOrientedTasklet.java:71)\r\n	at org.springframework.batch.core.step.tasklet.TaskletStep$ChunkTransactionCallback.doInTransaction(TaskletStep.java:407)\r\n	at org.springframework.batch.core.step.tasklet.TaskletStep$ChunkTransactionCallback.doInTransaction(TaskletStep.java:331)\r\n	at org.springframework.transaction.support.TransactionTemplate.execute(TransactionTemplate.java:140)\r\n	at org.springframework.batch.core.step.tasklet.TaskletStep$2.doInChunkContext(TaskletStep.java:273)\r\n	at org.springframework.batch.core.scope.context.StepContextRepeatCallback.doInIteration(StepContextRepeatCallback.java:82)\r\n	at org.springframework.batch.repeat.support.RepeatTemplate.getNextResult(RepeatTemplate.java:375)\r\n	at org.springframework.batch.repeat.support.RepeatTemplate.executeInternal(RepeatTemplate.java:215)\r\n	at org.springframework.batch.repeat.support.RepeatTemplate.iterate(RepeatTemplate.java:145)\r\n	at org.springframework.batch.core.step.tasklet.TaskletStep.doExecute(TaskletStep.java:258)\r\n	at org.springframework.batch.core.step.AbstractStep.execute(AbstractStep.java:208)\r\n	at org.springframework.batch.core.job.SimpleStepHandler.handleStep(SimpleStepHandler.java:152)\r\n	at org.springframework.batch.core.job.flow.JobFlowExecutor.executeStep(JobFlowExecutor.java:68)\r\n	at org.springframe', '2021-08-15 01:10:56.000000');
INSERT INTO `batch_step_execution` VALUES (32, 5, 'step1', 32, '2021-08-15 01:16:06.000000', '2021-08-15 01:16:07.000000', 'COMPLETED', 3, 25, 0, 25, 0, 0, 0, 0, 'COMPLETED', '', '2021-08-15 01:16:07.000000');

-- ----------------------------
-- Table structure for batch_step_execution_context
-- ----------------------------
DROP TABLE IF EXISTS `batch_step_execution_context`;
CREATE TABLE `batch_step_execution_context`  (
  `STEP_EXECUTION_ID` bigint NOT NULL,
  `SHORT_CONTEXT` varchar(2500) CHARACTER SET utf8mb4 COLLATE utf8mb4_general_ci NOT NULL,
  `SERIALIZED_CONTEXT` text CHARACTER SET utf8mb4 COLLATE utf8mb4_general_ci NULL,
  PRIMARY KEY (`STEP_EXECUTION_ID`) USING BTREE,
  CONSTRAINT `STEP_EXEC_CTX_FK` FOREIGN KEY (`STEP_EXECUTION_ID`) REFERENCES `batch_step_execution` (`STEP_EXECUTION_ID`) ON DELETE RESTRICT ON UPDATE RESTRICT
) ENGINE = InnoDB CHARACTER SET = utf8mb4 COLLATE = utf8mb4_general_ci ROW_FORMAT = Dynamic;

-- ----------------------------
-- Records of batch_step_execution_context
-- ----------------------------
INSERT INTO `batch_step_execution_context` VALUES (1, '{\"@class\":\"java.util.HashMap\"}', NULL);
INSERT INTO `batch_step_execution_context` VALUES (2, '{\"@class\":\"java.util.HashMap\",\"batch.taskletType\":\"org.springframework.batch.core.step.item.ChunkOrientedTasklet\",\"FlatFileItemReader.read.count\":0,\"batch.stepType\":\"org.springframework.batch.core.step.tasklet.TaskletStep\"}', NULL);
INSERT INTO `batch_step_execution_context` VALUES (3, '{\"@class\":\"java.util.HashMap\",\"batch.taskletType\":\"org.springframework.batch.core.step.item.ChunkOrientedTasklet\",\"FlatFileItemReader.read.count\":0,\"batch.stepType\":\"org.springframework.batch.core.step.tasklet.TaskletStep\"}', NULL);
INSERT INTO `batch_step_execution_context` VALUES (4, '{\"@class\":\"java.util.HashMap\",\"batch.taskletType\":\"org.springframework.batch.core.step.item.ChunkOrientedTasklet\",\"FlatFileItemReader.read.count\":0,\"batch.stepType\":\"org.springframework.batch.core.step.tasklet.TaskletStep\"}', NULL);
INSERT INTO `batch_step_execution_context` VALUES (5, '{\"@class\":\"java.util.HashMap\",\"batch.taskletType\":\"org.springframework.batch.core.step.item.ChunkOrientedTasklet\",\"FlatFileItemReader.read.count\":0,\"batch.stepType\":\"org.springframework.batch.core.step.tasklet.TaskletStep\"}', NULL);
INSERT INTO `batch_step_execution_context` VALUES (6, '{\"@class\":\"java.util.HashMap\",\"batch.taskletType\":\"org.springframework.batch.core.step.item.ChunkOrientedTasklet\",\"FlatFileItemReader.read.count\":0,\"batch.stepType\":\"org.springframework.batch.core.step.tasklet.TaskletStep\"}', NULL);
INSERT INTO `batch_step_execution_context` VALUES (7, '{\"@class\":\"java.util.HashMap\",\"batch.taskletType\":\"org.springframework.batch.core.step.item.ChunkOrientedTasklet\",\"FlatFileItemReader.read.count\":0,\"batch.stepType\":\"org.springframework.batch.core.step.tasklet.TaskletStep\"}', NULL);
INSERT INTO `batch_step_execution_context` VALUES (8, '{\"@class\":\"java.util.HashMap\",\"batch.taskletType\":\"org.springframework.batch.core.step.item.ChunkOrientedTasklet\",\"FlatFileItemReader.read.count\":0,\"batch.stepType\":\"org.springframework.batch.core.step.tasklet.TaskletStep\"}', NULL);
INSERT INTO `batch_step_execution_context` VALUES (9, '{\"@class\":\"java.util.HashMap\",\"batch.taskletType\":\"org.springframework.batch.core.step.item.ChunkOrientedTasklet\",\"FlatFileItemReader.read.count\":4,\"batch.stepType\":\"org.springframework.batch.core.step.tasklet.TaskletStep\"}', NULL);
INSERT INTO `batch_step_execution_context` VALUES (10, '{\"@class\":\"java.util.HashMap\",\"batch.taskletType\":\"org.springframework.batch.core.step.item.ChunkOrientedTasklet\",\"FlatFileItemReader.read.count\":4,\"batch.stepType\":\"org.springframework.batch.core.step.tasklet.TaskletStep\"}', NULL);
INSERT INTO `batch_step_execution_context` VALUES (11, '{\"@class\":\"java.util.HashMap\",\"batch.taskletType\":\"org.springframework.batch.core.step.item.ChunkOrientedTasklet\",\"FlatFileItemReader.read.count\":4,\"batch.stepType\":\"org.springframework.batch.core.step.tasklet.TaskletStep\"}', NULL);
INSERT INTO `batch_step_execution_context` VALUES (12, '{\"@class\":\"java.util.HashMap\",\"batch.taskletType\":\"org.springframework.batch.core.step.item.ChunkOrientedTasklet\",\"FlatFileItemReader.read.count\":4,\"batch.stepType\":\"org.springframework.batch.core.step.tasklet.TaskletStep\"}', NULL);
INSERT INTO `batch_step_execution_context` VALUES (13, '{\"@class\":\"java.util.HashMap\",\"batch.taskletType\":\"org.springframework.batch.core.step.item.ChunkOrientedTasklet\",\"FlatFileItemReader.read.count\":4,\"batch.stepType\":\"org.springframework.batch.core.step.tasklet.TaskletStep\"}', NULL);
INSERT INTO `batch_step_execution_context` VALUES (14, '{\"@class\":\"java.util.HashMap\",\"batch.taskletType\":\"org.springframework.batch.core.step.item.ChunkOrientedTasklet\",\"FlatFileItemReader.read.count\":0,\"batch.stepType\":\"org.springframework.batch.core.step.tasklet.TaskletStep\"}', NULL);
INSERT INTO `batch_step_execution_context` VALUES (15, '{\"@class\":\"java.util.HashMap\",\"batch.taskletType\":\"org.springframework.batch.core.step.item.ChunkOrientedTasklet\",\"FlatFileItemReader.read.count\":4,\"batch.stepType\":\"org.springframework.batch.core.step.tasklet.TaskletStep\"}', NULL);
INSERT INTO `batch_step_execution_context` VALUES (16, '{\"@class\":\"java.util.HashMap\",\"batch.taskletType\":\"org.springframework.batch.core.step.item.ChunkOrientedTasklet\",\"FlatFileItemReader.read.count\":4,\"batch.stepType\":\"org.springframework.batch.core.step.tasklet.TaskletStep\"}', NULL);
INSERT INTO `batch_step_execution_context` VALUES (17, '{\"@class\":\"java.util.HashMap\",\"batch.taskletType\":\"org.springframework.batch.core.step.item.ChunkOrientedTasklet\",\"FlatFileItemReader.read.count\":0,\"batch.stepType\":\"org.springframework.batch.core.step.tasklet.TaskletStep\"}', NULL);
INSERT INTO `batch_step_execution_context` VALUES (18, '{\"@class\":\"java.util.HashMap\",\"batch.taskletType\":\"org.springframework.batch.core.step.item.ChunkOrientedTasklet\",\"FlatFileItemReader.read.count\":0,\"batch.stepType\":\"org.springframework.batch.core.step.tasklet.TaskletStep\"}', NULL);
INSERT INTO `batch_step_execution_context` VALUES (19, '{\"@class\":\"java.util.HashMap\",\"batch.taskletType\":\"org.springframework.batch.core.step.item.ChunkOrientedTasklet\",\"FlatFileItemReader.read.count\":0,\"batch.stepType\":\"org.springframework.batch.core.step.tasklet.TaskletStep\"}', NULL);
INSERT INTO `batch_step_execution_context` VALUES (20, '{\"@class\":\"java.util.HashMap\",\"batch.taskletType\":\"org.springframework.batch.core.step.item.ChunkOrientedTasklet\",\"FlatFileItemReader.read.count\":0,\"batch.stepType\":\"org.springframework.batch.core.step.tasklet.TaskletStep\"}', NULL);
INSERT INTO `batch_step_execution_context` VALUES (21, '{\"@class\":\"java.util.HashMap\",\"batch.taskletType\":\"org.springframework.batch.core.step.item.ChunkOrientedTasklet\",\"FlatFileItemReader.read.count\":0,\"batch.stepType\":\"org.springframework.batch.core.step.tasklet.TaskletStep\"}', NULL);
INSERT INTO `batch_step_execution_context` VALUES (22, '{\"@class\":\"java.util.HashMap\",\"batch.taskletType\":\"org.springframework.batch.core.step.item.ChunkOrientedTasklet\",\"FlatFileItemReader.read.count\":0,\"batch.stepType\":\"org.springframework.batch.core.step.tasklet.TaskletStep\"}', NULL);
INSERT INTO `batch_step_execution_context` VALUES (23, '{\"@class\":\"java.util.HashMap\",\"batch.taskletType\":\"org.springframework.batch.core.step.item.ChunkOrientedTasklet\",\"FlatFileItemReader.read.count\":0,\"batch.stepType\":\"org.springframework.batch.core.step.tasklet.TaskletStep\"}', NULL);
INSERT INTO `batch_step_execution_context` VALUES (24, '{\"@class\":\"java.util.HashMap\",\"batch.taskletType\":\"org.springframework.batch.core.step.item.ChunkOrientedTasklet\",\"FlatFileItemReader.read.count\":0,\"batch.stepType\":\"org.springframework.batch.core.step.tasklet.TaskletStep\"}', NULL);
INSERT INTO `batch_step_execution_context` VALUES (25, '{\"@class\":\"java.util.HashMap\",\"batch.taskletType\":\"org.springframework.batch.core.step.item.ChunkOrientedTasklet\",\"FlatFileItemReader.read.count\":2,\"batch.stepType\":\"org.springframework.batch.core.step.tasklet.TaskletStep\"}', NULL);
INSERT INTO `batch_step_execution_context` VALUES (26, '{\"@class\":\"java.util.HashMap\",\"batch.taskletType\":\"org.springframework.batch.core.step.item.ChunkOrientedTasklet\",\"FlatFileItemReader.read.count\":2,\"batch.stepType\":\"org.springframework.batch.core.step.tasklet.TaskletStep\"}', NULL);
INSERT INTO `batch_step_execution_context` VALUES (27, '{\"@class\":\"java.util.HashMap\",\"batch.taskletType\":\"org.springframework.batch.core.step.item.ChunkOrientedTasklet\",\"FlatFileItemReader.read.count\":26,\"batch.stepType\":\"org.springframework.batch.core.step.tasklet.TaskletStep\"}', NULL);
INSERT INTO `batch_step_execution_context` VALUES (28, '{\"@class\":\"java.util.HashMap\"}', NULL);
INSERT INTO `batch_step_execution_context` VALUES (29, '{\"@class\":\"java.util.HashMap\"}', NULL);
INSERT INTO `batch_step_execution_context` VALUES (30, '{\"@class\":\"java.util.HashMap\",\"batch.taskletType\":\"org.springframework.batch.core.step.item.ChunkOrientedTasklet\",\"FlatFileItemReader.read.count\":20,\"batch.stepType\":\"org.springframework.batch.core.step.tasklet.TaskletStep\"}', NULL);
INSERT INTO `batch_step_execution_context` VALUES (31, '{\"@class\":\"java.util.HashMap\",\"batch.taskletType\":\"org.springframework.batch.core.step.item.ChunkOrientedTasklet\",\"FlatFileItemReader.read.count\":20,\"batch.stepType\":\"org.springframework.batch.core.step.tasklet.TaskletStep\"}', NULL);
INSERT INTO `batch_step_execution_context` VALUES (32, '{\"@class\":\"java.util.HashMap\",\"batch.taskletType\":\"org.springframework.batch.core.step.item.ChunkOrientedTasklet\",\"FlatFileItemReader.read.count\":26,\"batch.stepType\":\"org.springframework.batch.core.step.tasklet.TaskletStep\"}', NULL);

-- ----------------------------
-- Table structure for batch_step_execution_seq
-- ----------------------------
DROP TABLE IF EXISTS `batch_step_execution_seq`;
CREATE TABLE `batch_step_execution_seq`  (
  `ID` bigint NOT NULL,
  `UNIQUE_KEY` char(1) CHARACTER SET utf8mb4 COLLATE utf8mb4_general_ci NOT NULL,
  UNIQUE INDEX `UNIQUE_KEY_UN`(`UNIQUE_KEY`) USING BTREE
) ENGINE = InnoDB CHARACTER SET = utf8mb4 COLLATE = utf8mb4_general_ci ROW_FORMAT = Dynamic;

-- ----------------------------
-- Records of batch_step_execution_seq
-- ----------------------------
INSERT INTO `batch_step_execution_seq` VALUES (32, '0');

-- ----------------------------
-- Table structure for hibernate_sequence
-- ----------------------------
DROP TABLE IF EXISTS `hibernate_sequence`;
CREATE TABLE `hibernate_sequence`  (
  `next_val` bigint NULL DEFAULT NULL
) ENGINE = MyISAM CHARACTER SET = utf8mb4 COLLATE = utf8mb4_general_ci ROW_FORMAT = Fixed;

-- ----------------------------
-- Records of hibernate_sequence
-- ----------------------------
INSERT INTO `hibernate_sequence` VALUES (1);

-- ----------------------------
-- Table structure for user
-- ----------------------------
DROP TABLE IF EXISTS `user`;
CREATE TABLE `user`  (
  `id` int UNSIGNED NOT NULL AUTO_INCREMENT,
  `address` varchar(255) CHARACTER SET utf8mb4 COLLATE utf8mb4_general_ci NULL DEFAULT NULL,
  `created_at` datetime NULL DEFAULT '1970-01-01 00:00:00' ON UPDATE CURRENT_TIMESTAMP,
  `dob` varchar(255) CHARACTER SET utf8mb4 COLLATE utf8mb4_general_ci NULL DEFAULT NULL,
  `gender` varchar(255) CHARACTER SET utf8mb4 COLLATE utf8mb4_general_ci NULL DEFAULT NULL,
  `id_number` varchar(255) CHARACTER SET utf8mb4 COLLATE utf8mb4_general_ci NULL DEFAULT NULL,
  `name` varchar(255) CHARACTER SET utf8mb4 COLLATE utf8mb4_general_ci NULL DEFAULT NULL,
  `nip` varchar(255) CHARACTER SET utf8mb4 COLLATE utf8mb4_general_ci NULL DEFAULT NULL,
  `phone` varchar(255) CHARACTER SET utf8mb4 COLLATE utf8mb4_general_ci NULL DEFAULT NULL,
  `updated_at` datetime NULL DEFAULT '1970-01-01 00:00:00' ON UPDATE CURRENT_TIMESTAMP,
  PRIMARY KEY (`id`) USING BTREE
) ENGINE = MyISAM AUTO_INCREMENT = 115 CHARACTER SET = utf8mb4 COLLATE = utf8mb4_general_ci ROW_FORMAT = Dynamic;

-- ----------------------------
-- Records of user
-- ----------------------------
INSERT INTO `user` VALUES (90, '10664 QUARTET RD APARTMENT 918', '1970-01-01 00:00:00', '1975-03-11', 'F', '8076837503384957', 'HUNG CONYERS', '8329', '0818-7661-8562', '1970-01-01 00:00:00');
INSERT INTO `user` VALUES (91, '5838 ACKNOWLEDGEMENTS BLVD AP 478', '1970-01-01 00:00:00', '1996-07-30', 'M', '4650589411488801', 'GARRY V. ALSBERRY', '3357', '0819-0602-4622', '1970-01-01 00:00:00');
INSERT INTO `user` VALUES (92, '19836 SNAKEBIRD STREET APARTMENT 97', '1970-01-01 00:00:00', '2014-12-03', 'M', '2744100635419686', 'KEVEN D. LEVANDOFSKY', '5075', '0818-4384-1432', '1970-01-01 00:00:00');
INSERT INTO `user` VALUES (93, '3015 INOBSERVANCE ST APARTMENT 732', '1970-01-01 00:00:00', '1995-09-04', 'F', '0619477417752543', 'JEROLD N. TAFOLLA', '3603', '0819-5355-4826', '1970-01-01 00:00:00');
INSERT INTO `user` VALUES (94, '4912 CONSERVATOIRE AVENUE APARTMENT 516', '1970-01-01 00:00:00', '2005-05-01', 'F', '9660210529583013', 'OCTAVIA O. KIENING', '1422', '0818-1762-0146', '1970-01-01 00:00:00');
INSERT INTO `user` VALUES (95, '425 FAIRNESS AVENUE APARTMENT 949', '1970-01-01 00:00:00', '1991-08-22', 'F', '8505474192913936', 'JACKI B. MANCINO', '4087', '0818-4758-9820', '1970-01-01 00:00:00');
INSERT INTO `user` VALUES (96, '340 PANDY BLVD AP 836', '1970-01-01 00:00:00', '2018-01-14', 'F', '6600929222551649', 'ZACKARY P. BEAVIS', '0289', '0819-3146-9104', '1970-01-01 00:00:00');
INSERT INTO `user` VALUES (97, '17796 SETTS AVENUE AP 543', '1970-01-01 00:00:00', '2020-10-11', 'M', '5267795471759999', 'FOSTER CLAM', '0339', '0819-1048-5242', '1970-01-01 00:00:00');
INSERT INTO `user` VALUES (98, '14146 CHIASMUSES BLVD SUITE 213', '1970-01-01 00:00:00', '2005-09-07', 'M', '0309212561737653', 'REATHA R. REIK', '1861', '0819-4550-2965', '1970-01-01 00:00:00');
INSERT INTO `user` VALUES (99, '13839 SEALS ROAD SUITE 195', '1970-01-01 00:00:00', '1979-05-10', 'F', '1181143160256589', 'JENNY Y. DITORE', '7996', '0817-2863-5843', '1970-01-01 00:00:00');
INSERT INTO `user` VALUES (100, '7065 ASTHENIC ROAD APARTMENT 554', '1970-01-01 00:00:00', '2020-05-21', 'F', '6157211810800811', 'DANYEL O. KOBLER', '8251', '0817-6302-3841', '1970-01-01 00:00:00');
INSERT INTO `user` VALUES (101, '9497 ONANIST ROAD LINE 688', '1970-01-01 00:00:00', '1990-01-25', 'M', '6710685071002950', 'JUAN HUHAMMAD', '8303', '0817-1399-8514', '1970-01-01 00:00:00');
INSERT INTO `user` VALUES (102, '2216 SORT ROAD AP 632', '1970-01-01 00:00:00', '2011-01-26', 'F', '1482240638582140', 'SHEENA Z. TAMBURRELLI', '7488', '0818-7969-3088', '1970-01-01 00:00:00');
INSERT INTO `user` VALUES (103, '3930 ESTANCIA BLVD LINE 392', '1970-01-01 00:00:00', '1973-01-27', 'M', '1719074767527161', 'DESIREE G. KILZER', '3367', '0819-5816-7671', '1970-01-01 00:00:00');
INSERT INTO `user` VALUES (104, '7851 PAPILLOMA AVENUE LINE 652', '1970-01-01 00:00:00', '2005-07-15', 'M', '9016679260313412', 'ROSE Q. KASTANES', '0842', '0817-6757-6553', '1970-01-01 00:00:00');
INSERT INTO `user` VALUES (105, '3036 DIALYSER ROAD LINE 279', '1970-01-01 00:00:00', '2007-01-01', 'F', '4515068186608012', 'TANJA N. MORRISSEAU', '5215', '0817-7086-0543', '1970-01-01 00:00:00');
INSERT INTO `user` VALUES (106, '5574 SCATTS BLVD SUITE 771', '1970-01-01 00:00:00', '2006-10-27', 'M', '7702191475085285', 'ART E. STRUBER', '6308', '0819-3910-3124', '1970-01-01 00:00:00');
INSERT INTO `user` VALUES (107, '18382 STOURS AVENUE AP 297', '1970-01-01 00:00:00', '2019-05-20', 'F', '9467028255084585', 'RAYNA FRITZ', '2998', '0819-7483-2065', '1970-01-01 00:00:00');
INSERT INTO `user` VALUES (108, '6938 ZIPPER AVENUE SUITE 671', '1970-01-01 00:00:00', '2020-12-30', 'F', '4309494775479736', 'EUSEBIO O. NEHRT', '3097', '0817-0447-5185', '1970-01-01 00:00:00');
INSERT INTO `user` VALUES (109, '2217 WANIGANS ST SUITE 245', '1970-01-01 00:00:00', '2000-02-24', 'M', '6237531994604997', 'RANDY I. KUDLA', '3474', '0819-2288-9218', '1970-01-01 00:00:00');
INSERT INTO `user` VALUES (110, '11007 AMAH HILL APARTMENT 286', '1970-01-01 00:00:00', '1994-06-07', 'F', '2947351431898837', 'LISSA DURIO', '5537', '0819-4044-5625', '1970-01-01 00:00:00');
INSERT INTO `user` VALUES (111, '13459 LEMONADES STREET AP 980', '1970-01-01 00:00:00', '1995-09-27', 'F', '2480194294929547', 'DOUGLASS A. IGLESIA', '6360', '0817-8742-2385', '1970-01-01 00:00:00');
INSERT INTO `user` VALUES (112, '19168 POSTMASTERSHIP ST APARTMENT 105', '1970-01-01 00:00:00', '2000-11-17', 'F', '7886889565290367', 'CHELSEA LAUREANO', '4257', '0817-0979-9647', '1970-01-01 00:00:00');
INSERT INTO `user` VALUES (113, '10609 DWALMS AVE LINE 56', '1970-01-01 00:00:00', '1998-12-01', 'M', '8113661454562377', 'DUSTY J. MARCELINO', '7128', '0818-5123-0041', '1970-01-01 00:00:00');
INSERT INTO `user` VALUES (114, '17157 SCROD ST LINE 758', '1970-01-01 00:00:00', '2008-03-24', 'M', '5921569740281436', 'CLAIR C. SCHLAPPI', '8519', '0817-9808-0904', '1970-01-01 00:00:00');

SET FOREIGN_KEY_CHECKS = 1;
