2392,Hung Conyers,1975-03-11,F,10664 Quartet Rd Apartment 918,3100502762239412,0818-5299-8145
4743,Garry V. Alsberry,1996-07-30,M,5838 Acknowledgements Blvd Ap 478,5724076080602749,0818-6497-1069
9114,Keven D. Levandofsky,2014-12-03,M,19836 Snakebird Street Apartment 97,1473750240592978,0818-0194-9234
1021,Jerold N. Tafolla,1995-09-04,F,3015 Inobservance St Apartment 732,4005199873288912,0818-2832-9190
1483,Octavia O. Kiening,2005-05-01,F,4912 Conservatoire Avenue Apartment 516,4921957883339953,0817-0262-2985
1514,Jacki B. Mancino,1991-08-22,F,425 Fairness Avenue Apartment 949,9688489108689978,0817-7562-5010
8105,Zackary P. Beavis,2018-01-14,F,340 Pandy Blvd Ap 836,3234556671687218,0818-7244-5432
7997,Foster Clam,2020-10-11,M,17796 Setts Avenue Ap 543,7489219407803155,0818-9243-9129
5352,Reatha R. Reik,2005-09-07,M,14146 Chiasmuses Blvd Suite 213,8062634731461559,0817-7152-4078
6761,Jenny Y. Ditore,1979-05-10,F,13839 Seals Road Suite 195,7648237680776336,0818-2893-4869
3532,Danyel O. Kobler,2020-05-21,F,7065 Asthenic Road Apartment 554,2322080649007450,0817-4091-7046
6349,Juan Huhammad,1990-01-25,M,9497 Onanist Road Line 688,2076494406963204,0819-5569-0851
5238,Sheena Z. Tamburrelli,2011-01-26,F,2216 Sort Road Ap 632,0173969414254764,0818-0904-2429
3745,Desiree G. Kilzer,1973-01-27,M,3930 Estancia Blvd Line 392,3777312316571739,0819-9419-1687
3559,Rose Q. Kastanes,2005-07-15,M,7851 Papilloma Avenue Line 652,0245268917255263,0817-8504-1046
4009,Tanja N. Morrisseau,2007-01-01,F,3036 Dialyser Road Line 279,1581555248848860,0818-3282-4831
9299,Art E. Struber,2006-10-27,M,5574 Scatts Blvd Suite 771,4314104149692322,0818-4132-5753
7802,Rayna Fritz,2019-05-20,F,18382 Stours Avenue Ap 297,2731201228996586,0818-2441-6290
6086,Eusebio O. Nehrt,2020-12-30,F,6938 Zipper Avenue Suite 671,6208609343512983,0817-3334-3601
1957,Randy I. Kudla,2000-02-24,M,2217 Wanigans St Suite 245,9356279570429037,0819-9556-6157
0851,Lissa Durio,1994-06-07,F,11007 Amah Hill Apartment 286,0736932053629168,0819-4859-1286
7172,Douglass A. Iglesia,1995-09-27,F,13459 Lemonades Street Ap 980,6093230004636725,0817-9034-0532
5367,Chelsea Laureano,2000-11-17,F,19168 Postmastership St Apartment 105,3638541652351144,0818-7484-7814
8216,Dusty J. Marcelino,1998-12-01,M,10609 Dwalms Ave Line 56,5514716770396718,0817-2059-9561
0472,Clair C. Schlappi,2008-03-24,M,17157 Scrod St Line 758,1428209641449029,0818-8456-1815


